,반스 단화,올드스쿨 블랙 스타일 36,니시데 카즈오 안경,BROWLINE C1,비바스카 구두,사틴 베이직 펌프스,키르시 티셔츠,HEART CHERRY T-SHIRTS IS [GREEN],마하그리드 팬츠,REGULAR DENIM PANTS[LIGHT BLUE],커렌트 니트,SLIT KNIT CREWNECK WOMEN [CREAM],숲 자켓,루즈핏 숏 렝스 트렌치 재킷,오아이오아이 원피스,LACE LINE ONEPIECLACE LINE ONEPIECE_sky blueE_sky blue,코오롱스포츠 운동화,TONIKS(토닉),시눈 원피스,Hola check long dress ,럭키슈에뜨 티셔츠,Print Raglan T-shirt,리타모니카 귀걸이,WHITE BLOSSOM Drop Earrings,알라인 귀걸이,shiny cutting earring,잇미샤 팬츠,스트라이프 코튼 팬츠,잇미샤 자켓,린넨 투웨이 카라 자켓,온앤온 원피스,페미닌 플리츠 원피스,그레이양 팬츠,Boots Cut Pts - Black,랑카스터 가방,카멜리아 크로스 바디 스몰,티에르 귀걸이,THSS810_ER31,더블버튼 스트라이프 자켓,스타일난다 팬츠,코지반반배색 트레이닝조거PT,스타일난다 후드,동그리자수 소매배색후드T,무크 구두,태슬 로퍼,라퍼지스토어 자켓,Zipper Stretch Suede Shirt_Camel,쥬디앤폴 귀걸이,센시아 물방울 크리스탈 드롭 루비 팬던트 귀걸이,엘리오티 티셔츠,베이직 ELT 로고 티셔츠,엠주 귀걸이,Flow Knot Earrings SILVER,라코스테 라이브 셔츠,카모플라쥬 프린팅 코튼 셔츠,라코스테 셔츠,스트라이프 헨리넥 셔츠,질스튜어트 스포츠 운동화,메쉬배색 여성 스니커즈,질스튜어트 스포츠 팬츠,트레이닝 팬츠,질스튜어트 스포츠 티셔츠,크롭 탱크탑,질스튜어트 스포츠 점퍼,컬러블록 집업,스네이크 뷰티용품,쿨링파우더,셔츠,바버 코트,B.Intl Division Jacket,랩 점퍼,3포켓 숏 퀼팅 점퍼 루즈핏,3포켓 숏 퀄팅 점퍼 루즈핏,시에로 셔츠,스톤워싱 루즈핏 데님셔츠,핀블랙 자켓,LAMB SKIN HOODY RIDER JACKET BLACK,라코스테 티셔츠,스트라이프 포켓 반팔 라운드티,아디다스 팬츠,베켄바우어 트랙 팬츠 DH5825,크리스찬루부탱 구두,Follies Strass Rete 100 mm,마이시크 귀걸이,데일리 후프 링귀걸이,라인 블라우스,주름카라 리본 블라우스,브이벤치 가방,19SS BONITA 드로스트링백,세즈윅 원피스,Beauty Inside dress,에스티듀퐁 가방,남성서류가방CG181003S,올리브데올리브 원피스,Plaisir D'amour HOMMAGE LACE DRESS,MICHAA 코트,Double Botton Belted Trenchcoat,페라가모 갤러리어클락 시계,GANCINO BRACELET,아이그너 시계,여성용 가죽시계 A07308,미카코 뷰티용품,인스파이어링 세이프 EMS 운동기구,어그 실내화,(W)19SS진GENE SNEAKER,일화 음식,어린이 홍삼 스틱,A24206F,Dot Chouette Jacquard Pullover,멕시탑 립플럼퍼,립플럼퍼,브링그린 핸드크림,티룸핸드크림,금호덴탈제약 치약,닥터닥터 퍼퓸치약,오즈세컨 블라우스,체크 스트랩 블라우스,리스 코트,더블 벨티드 코튼 트렌치 코트(LAURA),캘빈클라인 가방,ULTRA LIGHT STUDIO 버켓 백,쿤스트슬랩 선글라스,VIVID C1,예담(출판사) 서적,아나운서 김경화의 아이 언어성장 프로젝트,쿠론 가방,Melia(멜리아) Cross,시에로 니트,레터링 자수 니트 풀오버,엑셀시오르 운동화,BOLT Low_Chestnut ,마니에피에디 귀걸이,메르헨 가글,씹는 가글,슈츠 구두,HELLEN / tanino ii,아시아(출판사) 서적,수의사 헤리엇의 개 이야기,밀키드레스 향수,엔젤링 퍼퓸,로사케이 가방,록산느 드로우스트링_브라운,앙부땅 바디미스트,리얼 페로몬 바디미스트,애플캔들 향초,일랑일랑 향 페로몬 캔들,몬츠 조끼,choker vest knit,가와사키 코털제거기,M-7 코털제거기,코니스 유아완구,에듀테이블,에드 셔츠,그래픽 오버사이즈 셔츠 화이트,데싱디바 네일팁,매직프레스,에코마음 미세먼지측정기,에코마음 초미세먼지측정기,리스트 니트,자카드 레터링 스웨터,닥스ACC 가방,베이지 체크플라워 토트백,키스뉴욕 속눈썹,깃털속눈썹 러블리,메쉬클러치백,온앤온 코트,벨티드 트렌치 코트,블랙 핸드크래프트 메쉬 클러치백  (1),머니백 토트S_베이지,베네피트 립틴트,차차틴트,키스미 마스카라,히로인 메이크 롱 앤 컬 마스카라 EX 6g,키스미 아이라이너,스무스 리퀴드 아이라이너 브라운,엑셀 아이섀도우,아이섀도우 스키니 리치 SR03 로얄 브라운,베네피트 블러셔,단델리온 ,배럴 자켓,유니섹스 배럴 숏 슬리브 덕 다운 자켓 ,투미 가방,베서니 백팩,쓰리씨이 비비크림,BACK TO BABY BB CREAM,마니에피에디 목걸이,Essential DNA Drop Choker,아벤느 미스트,오떼르말 미스트,미소페 구두,21831018,엠엘비키즈 운동화,LA다저스 앙코르 레젼드2 ,엠엘비키즈 점퍼,쿠퍼스 로고 힙스터 야구점퍼,아가타 시계,275804S_902,바나브 크림,비타민C 나이트크림 키트,바나브 피부케어기기,UP5 핑크,힐리앤서스 가방,Chiara tote,렉켄 운동화,Sneakers_LALEN,키크 후드,Logo Hoodie - Pink,글램지 가방,모모백 - 카멜,겟미블링 귀걸이,Two Color Square,모조에스핀 원피스,J192MSE027,랑베르세 후드,오버사이즈 베이직 후드티(오렌지),코모도 수트,19SS 스트라이프 더블버튼 수트,씨씨콜렉트 팬츠,데님 반바지,씨씨콜렉트 티셔츠,로고프린팅 루즈핏티셔츠,씨씨콜렉트 자켓,2019 S/S 소매 레터링 더블재킷,쥬시쥬디 자켓,기본핏자켓 ,씨씨콜렉트 가디건,리잘록 레터링포인트 배색가디건
0,58.29145,0.0,0.0,0.0,0.0,0.0,23.07692,0.0,0.0,0.0,0.0,0.0,66.88741,0.0,0.0,0.0,3.79008,0.0,29.46428,0.0,40.625,0.0,83.33333,0.0,78.44827,0.0,33.33333,0.0,78.57142,0.0,38.16644,0.0,0.0,0.0,15.42288,0.0,0.0,0.0,0.0,0.0,0.0,0.0,0.0,92.95774,70.99236,41.66666,0.0,0.0,0.0,0.0,0.0,25.0,0.0,64.28571,0.0,81.92457,0.0,81.25,0.0,0.0,78.04054,0.0,0.0,0.0,0.0,0.0,0.0,88.4194,100.0,0.0,68.42105,0.0,0.0,29.41176,0.0,0.0,0.0,56.25,0.0,65.21739,0.0,74.07407,0.0,85.71428,0.0,49.0566,0.0,0.0,0.0,42.10526,0.0,0.0,0.0,42.67834,0.0,0.0,0.0,0.0,0.0,52.83018,0.0,0.0,0.0,0.0,0.0,0.0,0.0,0.0,0.0,62.90322,43.84422,22.5641,12.2807,0.0,0.0,47.18309,0.0,0.0,0.0,100.0,0.0,0.0,0.0,0.0,0.0,85.91867,0.0,35.71428,0.0,0.0,0.0,0.0,0.0,17.56272,37.5,0.0,0.0,0.0,0.0,0.0,75.63739,0.0,0.0,0.0,0.0,0.0,0.0,0.0,60.34482,0.0,0.0,68.69896,11.6279,0.0,31.86813,62.5,0.0,0.0,76.62337,0.0,0.0,0.0,0.0,0.0,0.0,100.0,46.66666,0.0,0.0,0.0,67.85714,61.93373,0.0,57.35294,0.0,48.27586,0.0,67.19457,79.69543,0.0,0.0,87.36263,0.0,0.0,0.0,0.0,0.0,96.33204,64.51612,79.03225,0.0,35.38461,0.0,70.86614,0.0,35.08771,0.0,0.0,0.0,0.0,0.0,0.0,0.0,41.40127,0.0,69.23076,0.0,40.74074,0.0,51.78571,0.0,70.86031,0.0,0.0,0.0,50.0,0.0,0.0,24.61538,38.14432,0.0,91.2,0.0,71.42857,0.0,44.44444,0.0
1,66.83417,0.0,0.0,0.0,0.0,0.0,30.76923,0.0,0.0,0.0,0.0,0.0,65.56291,0.0,0.0,0.0,3.20699,0.0,33.92857,0.0,33.59375,0.0,0.0,0.0,93.10344,0.0,44.44444,0.0,77.01863,0.0,44.40832,0.0,0.0,0.0,19.15422,0.0,0.0,0.0,0.0,0.0,0.0,0.0,0.0,78.87323,77.86259,33.33333,0.0,0.0,0.0,0.0,0.0,14.58333,0.0,0.0,0.0,68.66059,0.0,100.0,0.0,0.0,79.05405,37.5,0.0,0.0,0.0,0.0,0.0,76.94314,46.66666,0.0,73.68421,0.0,0.0,35.29411,0.0,0.0,0.0,51.88679,0.0,64.59627,0.0,49.07407,0.0,100.0,0.0,43.86792,0.0,0.0,0.0,44.73684,0.0,0.0,0.0,41.55193,0.0,0.0,0.0,0.0,0.0,55.66037,0.0,0.0,0.0,0.0,0.0,0.0,0.0,0.0,0.0,100.0,48.99497,100.0,100.0,0.0,0.0,38.02816,0.0,0.0,0.0,81.50684,0.0,0.0,0.0,0.0,0.0,83.81024,0.0,42.85714,0.0,0.0,0.0,0.0,0.0,15.7706,27.08333,0.0,0.0,0.0,0.0,0.0,51.27478,0.0,0.0,0.0,0.0,0.0,0.0,0.0,68.96551,0.0,0.0,63.47305,39.53488,0.0,18.68131,28.125,0.0,0.0,85.71428,0.0,0.0,0.0,0.0,0.0,0.0,81.25,76.66666,0.0,0.0,0.0,80.23809,62.74509,0.0,57.90441,0.0,29.31034,0.0,71.9457,91.37055,0.0,0.0,100.0,0.0,0.0,0.0,0.0,0.0,100.0,25.80645,61.29032,0.0,60.0,0.0,73.22834,0.0,78.94736,0.0,0.0,0.0,0.0,0.0,0.0,0.0,37.57961,0.0,100.0,0.0,51.85185,0.0,58.92857,0.0,70.21276,0.0,0.0,0.0,41.66666,0.0,66.66666,24.10256,38.14432,0.0,99.2,0.0,100.0,0.0,19.44444,0.0
2,75.37688,0.0,0.0,0.0,0.0,0.0,65.38461,0.0,0.0,0.0,0.0,0.0,89.73509,0.0,0.0,0.0,1.45772,0.0,34.82142,0.0,35.9375,0.0,0.0,0.0,75.43103,0.0,38.88888,0.0,77.63975,0.0,38.88166,0.0,0.0,0.0,13.18407,0.0,0.0,0.0,0.0,0.0,0.0,0.0,0.0,90.14084,100.0,62.5,0.0,0.0,0.0,0.0,0.0,32.29166,0.0,42.85714,0.0,66.71001,0.0,75.0,0.0,0.0,78.71621,0.0,0.0,0.0,0.0,0.0,0.0,81.58581,63.33333,0.0,78.94736,0.0,0.0,0.0,0.0,0.0,0.0,47.16981,0.0,52.79503,0.0,88.88888,0.0,85.71428,0.0,43.39622,0.0,23.80952,0.0,73.68421,0.0,0.0,0.0,57.32165,0.0,0.0,0.0,0.0,0.0,64.15094,0.0,0.0,0.0,0.0,0.0,0.0,0.0,0.0,0.0,82.25806,47.11055,55.89743,60.81871,0.0,0.0,37.32394,0.0,0.0,0.0,76.48401,0.0,0.0,0.0,0.0,0.0,80.91114,0.0,0.0,0.0,0.0,0.0,0.0,0.0,19.71326,40.97222,0.0,0.0,0.0,0.0,100.0,31.16147,0.0,0.0,0.0,0.0,0.0,0.0,0.0,70.68965,0.0,0.0,69.73326,53.48837,0.0,29.67032,42.1875,0.0,0.0,63.63636,0.0,0.0,0.0,0.0,0.0,0.0,74.30555,53.33333,0.0,0.0,0.0,70.47619,67.34279,0.0,55.88235,0.0,65.51724,0.0,72.85067,94.41624,83.33333,0.0,88.46153,0.0,0.0,0.0,0.0,0.0,94.59459,41.93548,82.25806,0.0,72.30769,0.0,85.82677,0.0,52.63157,0.0,0.0,0.0,0.0,0.0,0.0,0.0,43.3121,0.0,0.0,0.0,44.44444,0.0,73.21428,0.0,68.27012,0.0,0.0,0.0,0.0,0.0,41.66666,23.07692,34.02061,0.0,88.0,0.0,54.28571,0.0,25.0,0.0
3,93.96984,0.0,0.0,0.0,0.0,0.0,57.6923,0.0,0.0,0.0,38.46153,0.0,100.0,0.0,0.0,0.0,1.45772,0.0,28.57142,0.0,27.34375,0.0,0.0,0.0,75.43103,0.0,22.22222,0.0,74.2236,0.0,36.3459,0.0,0.0,0.0,14.92537,0.0,0.0,0.0,0.0,0.0,0.0,0.0,0.0,71.83098,79.38931,29.16666,0.0,0.0,0.0,0.0,0.0,17.70833,0.0,92.85714,0.0,62.93888,0.0,43.75,0.0,0.0,79.39189,0.0,0.0,0.0,0.0,0.0,0.0,76.94314,43.33333,0.0,52.63157,0.0,0.0,35.29411,0.0,0.0,0.0,54.3632,0.0,55.59006,0.0,43.51851,0.0,0.0,0.0,44.33962,0.0,0.0,0.0,55.26315,0.0,0.0,0.0,38.04755,0.0,83.33333,0.0,0.0,0.0,59.43396,0.0,0.0,0.0,0.0,0.0,0.0,0.0,0.0,0.0,30.64516,47.11055,31.28205,16.37426,0.0,0.0,38.02816,0.0,0.0,0.0,64.15525,0.0,0.0,0.0,0.0,0.0,71.31024,0.0,85.71428,0.0,0.0,0.0,0.0,0.0,11.82795,35.41666,0.0,0.0,0.0,0.0,0.0,30.31161,0.0,0.0,0.0,0.0,0.0,0.0,0.0,73.56321,0.0,0.0,60.96897,37.2093,0.0,25.27472,28.125,0.0,0.0,71.42857,0.0,0.0,0.0,55.55555,0.0,0.0,67.36111,76.66666,0.0,0.0,0.0,52.85714,61.86612,0.0,53.73774,0.0,75.86206,0.0,73.52941,67.00507,0.0,0.0,95.05494,0.0,0.0,0.0,0.0,0.0,81.85328,25.80645,62.09677,0.0,70.0,0.0,92.12598,100.0,59.64912,0.0,0.0,0.0,0.0,0.0,0.0,0.0,68.7898,0.0,0.0,0.0,25.92592,0.0,92.85714,0.0,75.94819,0.0,0.0,0.0,0.0,0.0,0.0,16.92307,55.6701,0.0,97.6,0.0,57.14285,0.0,36.11111,0.0
4,63.31658,0.0,0.0,0.0,0.0,0.0,19.23076,0.0,0.0,0.0,0.0,0.0,62.9139,0.0,31.03448,0.0,1.45772,0.0,58.92857,0.0,20.3125,0.0,0.0,0.0,65.94827,0.0,30.55555,0.0,64.59627,0.0,48.04941,0.0,0.0,0.0,17.16417,0.0,0.0,0.0,0.0,0.0,0.0,0.0,0.0,85.91549,83.2061,45.83333,0.0,0.0,0.0,0.0,0.0,17.70833,0.0,0.0,0.0,58.25747,0.0,62.5,0.0,0.0,68.24324,0.0,0.0,0.0,0.0,0.0,0.0,68.02295,46.66666,0.0,68.42105,0.0,0.0,0.0,0.0,0.0,0.0,52.24056,0.0,46.27329,0.0,69.44444,0.0,0.0,0.0,37.26415,0.0,0.0,0.0,68.42105,0.0,0.0,0.0,57.69712,0.0,0.0,0.0,0.0,0.0,75.94339,0.0,0.0,0.0,0.0,0.0,0.0,0.0,0.0,0.0,69.35483,43.46733,14.87179,13.45029,0.0,0.0,33.80281,0.0,0.0,0.0,59.13242,0.0,0.0,0.0,0.0,0.0,87.12349,0.0,71.42857,0.0,0.0,0.0,0.0,0.0,42.2939,44.44444,0.0,0.0,0.0,0.0,0.0,31.44475,0.0,0.0,0.0,0.0,0.0,0.0,0.0,82.75862,0.0,0.0,58.51932,23.25581,0.0,53.84615,43.75,0.0,0.0,54.54545,0.0,0.0,0.0,0.0,0.0,0.0,66.66666,63.33333,0.0,0.0,0.0,64.28571,66.12576,0.0,54.84068,0.0,41.37931,0.0,76.92307,76.14213,0.0,0.0,85.71428,0.0,0.0,0.0,0.0,0.0,79.15057,25.80645,70.16129,0.0,73.07692,0.0,71.65354,0.0,35.08771,0.0,0.0,0.0,0.0,0.0,0.0,0.0,100.0,0.0,0.0,0.0,83.33333,0.0,100.0,0.0,95.37465,100.0,0.0,0.0,0.0,0.0,83.33333,17.94871,47.42268,0.0,91.2,0.0,74.28571,0.0,27.77777,0.0
5,79.89949,0.0,0.0,0.0,0.0,0.0,30.76923,0.0,0.0,0.0,0.0,0.0,61.92052,0.0,0.0,0.0,2.6239,0.0,100.0,0.0,15.625,0.0,0.0,0.0,79.31034,0.0,66.66666,0.0,99.68944,0.0,53.57607,0.0,0.0,0.0,17.91044,0.0,0.0,0.0,0.0,0.0,0.0,0.0,0.0,87.32394,83.96946,33.33333,0.0,0.0,0.0,0.0,0.0,16.66666,0.0,42.85714,0.0,57.08712,0.0,40.625,0.0,0.0,71.28378,0.0,0.0,0.0,0.0,0.0,0.0,62.54564,56.66666,0.0,42.10526,0.0,0.0,58.82352,0.0,0.0,0.0,74.41037,0.0,77.01863,0.0,68.51851,0.0,0.0,0.0,65.09433,0.0,0.0,0.0,42.10526,0.0,0.0,0.0,76.47058,0.0,0.0,0.0,0.0,0.0,70.75471,0.0,0.0,0.0,0.0,0.0,0.0,0.0,0.0,0.0,90.32258,43.09045,14.87179,14.03508,0.0,0.0,36.61971,0.0,0.0,0.0,46.11872,0.0,0.0,0.0,0.0,0.0,99.43524,0.0,0.0,0.0,0.0,0.0,0.0,0.0,11.11111,49.30555,0.0,0.0,0.0,0.0,0.0,26.91218,0.0,0.0,0.0,0.0,0.0,0.0,0.0,71.26436,0.0,0.0,52.69461,25.58139,0.0,40.65934,34.375,0.0,0.0,45.45454,0.0,0.0,0.0,0.0,0.0,0.0,65.27777,43.33333,0.0,0.0,0.0,88.33333,70.58823,0.0,68.5049,0.0,51.72413,0.0,83.7104,71.06598,0.0,0.0,84.06593,0.0,0.0,0.0,0.0,0.0,81.08108,54.8387,100.0,0.0,81.53846,0.0,70.07874,0.0,50.87719,0.0,0.0,0.0,0.0,0.0,0.0,0.0,38.21656,0.0,0.0,0.0,100.0,0.0,83.92857,0.0,95.28214,41.66666,0.0,0.0,41.66666,0.0,75.0,20.0,50.51546,0.0,100.0,0.0,93.33333,0.0,38.88888,0.0
6,67.33668,0.0,0.0,0.0,0.0,0.0,0.0,0.0,0.0,0.0,0.0,0.0,60.2649,0.0,17.24137,0.0,3.79008,0.0,72.32142,0.0,38.28125,0.0,0.0,0.0,86.20689,0.0,61.11111,0.0,100.0,0.0,48.50455,0.0,0.0,0.0,16.16915,0.0,0.0,0.0,0.0,0.0,0.0,0.0,0.0,70.42253,76.33587,25.0,0.0,0.0,0.0,0.0,0.0,28.125,0.0,0.0,0.0,60.46814,0.0,18.75,0.0,0.0,60.81081,0.0,0.0,0.0,0.0,0.0,0.75949,75.2217,40.0,0.0,52.63157,0.0,0.0,94.11764,0.0,0.0,0.0,68.51415,0.0,94.40993,0.0,81.48148,0.0,0.0,0.0,64.62264,0.0,0.0,0.0,60.52631,0.0,0.0,0.0,68.71088,0.0,0.0,0.0,0.0,0.0,70.28301,0.0,0.0,0.0,0.0,0.0,0.0,0.0,0.0,0.0,69.35483,45.60301,14.35897,14.03508,0.0,0.0,47.88732,0.0,0.0,0.0,64.84018,0.0,100.0,0.0,0.0,0.0,81.92771,0.0,50.0,0.0,0.0,0.0,0.0,0.0,16.48745,54.86111,0.0,0.0,0.0,0.0,0.0,30.87818,0.0,0.0,0.0,0.0,0.0,0.0,0.0,100.0,0.0,0.0,47.35982,46.51162,0.0,42.85714,42.1875,0.0,0.0,75.32467,0.0,0.0,0.0,55.55555,0.0,0.0,79.16666,60.0,0.0,0.0,0.0,78.80952,66.19337,0.0,62.86764,0.0,55.17241,0.0,88.00904,75.1269,0.0,0.0,82.41758,0.0,0.0,0.0,0.0,0.0,88.41698,25.80645,70.16129,0.0,79.23076,0.0,85.03937,0.0,50.87719,0.0,0.0,0.0,0.0,0.0,0.0,0.0,52.22929,0.0,0.0,0.0,37.03703,0.0,76.78571,0.0,84.27382,0.0,0.0,0.0,0.0,0.0,100.0,21.02564,35.05154,0.0,67.2,0.0,76.19047,83.33333,22.22222,0.0
7,72.86432,0.0,0.0,0.0,0.0,0.0,26.92307,0.0,0.0,0.0,0.0,0.0,58.27814,0.0,31.03448,0.0,4.08163,0.0,79.46428,0.0,39.84375,0.0,0.0,0.0,72.41379,0.0,16.66666,0.0,81.36645,0.0,49.21976,0.0,0.0,0.0,16.16915,0.0,0.0,0.0,0.0,0.0,0.0,0.0,0.0,64.78873,71.75572,0.0,0.0,0.0,0.0,0.0,0.0,17.70833,0.0,92.85714,0.0,81.79453,0.0,25.0,0.0,50.0,68.58108,31.25,0.0,0.0,0.0,0.0,0.0,91.34063,46.66666,0.0,68.42105,0.0,0.0,41.17647,0.0,0.0,0.0,79.95283,0.0,63.04347,0.0,64.81481,0.0,0.0,0.0,47.6415,0.0,0.0,0.0,65.78947,0.0,0.0,0.0,58.57321,0.0,100.0,0.0,0.0,0.0,65.09433,0.0,0.0,0.0,0.0,0.0,0.0,0.0,0.0,0.0,61.29032,42.71356,18.97435,11.6959,0.0,0.0,48.59154,0.0,0.0,0.0,88.58447,0.0,0.0,0.0,0.0,0.0,75.71536,0.0,92.85714,0.0,0.0,0.0,0.0,0.0,15.05376,43.75,0.0,0.0,0.0,0.0,0.0,29.46175,0.0,0.0,0.0,0.0,0.0,0.0,0.0,89.65517,0.0,0.0,65.37833,34.88372,0.0,25.27472,34.375,0.0,0.0,100.0,0.0,0.0,0.0,0.0,0.0,0.0,64.58333,63.33333,0.0,0.0,0.0,73.57142,68.35699,0.0,55.63725,0.0,37.93103,0.0,81.22171,74.61928,0.0,0.0,70.32967,0.0,0.0,0.0,0.0,0.0,80.11583,54.8387,75.0,0.0,73.84615,0.0,66.92913,0.0,54.38596,0.0,0.0,0.0,0.0,0.0,0.0,0.0,59.87261,0.0,0.0,0.0,14.81481,0.0,41.07142,0.0,78.90841,0.0,0.0,0.0,58.33333,0.0,75.0,24.10256,42.26804,0.0,60.0,0.0,70.47619,0.0,22.22222,0.0
8,64.3216,0.0,0.0,0.0,0.0,0.0,30.76923,0.0,0.0,0.0,0.0,0.0,52.98013,0.0,0.0,0.0,4.66472,0.0,74.10714,0.0,33.59375,0.0,0.0,0.0,62.5,0.0,27.77777,0.0,79.5031,0.0,49.28478,0.0,0.0,0.0,16.41791,0.0,0.0,0.0,0.0,0.0,0.0,0.0,0.0,67.60563,81.67938,37.5,0.0,0.0,0.0,0.0,0.0,11.45833,0.0,85.71428,0.0,84.26527,0.0,31.25,0.0,0.0,80.4054,62.5,0.0,0.0,0.0,0.0,0.0,90.66249,100.0,0.0,89.47368,0.0,0.0,0.0,0.0,0.0,0.0,74.0566,0.0,67.3913,0.0,44.44444,0.0,0.0,0.0,47.16981,0.0,33.33333,0.0,44.73684,0.0,0.0,0.0,53.56695,0.0,83.33333,0.0,0.0,0.0,75.0,0.0,0.0,0.0,0.0,0.0,0.0,0.0,0.0,0.0,38.70967,45.47738,9.74358,10.52631,0.0,0.0,53.52112,0.0,0.0,0.0,74.20091,0.0,0.0,0.0,0.0,0.0,72.55271,0.0,85.71428,0.0,0.0,0.0,0.0,0.0,14.33691,49.30555,0.0,0.0,0.0,0.0,0.0,24.92917,0.0,0.0,0.0,0.0,0.0,0.0,0.0,91.95402,0.0,0.0,63.90854,48.8372,0.0,32.96703,35.9375,0.0,0.0,35.06493,0.0,0.0,0.0,66.66666,0.0,0.0,62.5,63.33333,0.0,0.0,0.0,80.47619,63.82691,0.0,55.2696,0.0,41.37931,0.0,83.93665,76.64974,0.0,0.0,70.87912,0.0,0.0,0.0,0.0,0.0,73.16602,22.58064,49.19354,0.0,63.07692,0.0,59.05511,0.0,56.14035,0.0,0.0,0.0,0.0,0.0,0.0,0.0,45.85987,0.0,0.0,0.0,40.74074,0.0,57.14285,0.0,68.82516,0.0,0.0,0.0,0.0,0.0,75.0,16.41025,34.02061,0.0,57.6,0.0,75.23809,0.0,19.44444,0.0
9,68.3417,0.0,0.0,0.0,0.0,0.0,38.46153,0.0,0.0,0.0,38.46153,0.0,73.84105,0.0,20.68965,0.0,4.37317,0.0,44.64285,0.0,49.21875,0.0,0.0,0.0,76.72413,0.0,50.0,0.0,77.95031,0.0,41.28738,0.0,0.0,0.0,16.41791,0.0,0.0,0.0,0.0,0.0,0.0,0.0,0.0,78.87323,69.46564,62.5,0.0,0.0,0.0,0.0,0.0,20.83333,0.0,71.42857,0.0,72.43172,0.0,15.625,0.0,0.0,75.33783,37.5,0.0,0.0,0.0,0.0,0.0,75.63901,73.33333,0.0,26.31578,0.0,0.0,52.94117,0.0,0.0,0.0,61.67452,0.0,62.42236,0.0,51.85185,0.0,0.0,0.0,45.75471,0.0,0.0,0.0,34.21052,0.0,0.0,0.0,49.56195,0.0,83.33333,0.0,0.0,0.0,65.56603,0.0,0.0,0.0,0.0,0.0,0.0,41.66666,0.0,0.0,27.41935,48.99497,23.58974,18.12865,0.0,0.0,42.25352,0.0,0.0,0.0,73.51598,0.0,0.0,0.0,0.0,0.0,69.42771,0.0,0.0,0.0,0.0,0.0,0.0,0.0,17.2043,56.25,0.0,0.0,0.0,0.0,0.0,32.29461,0.0,0.0,0.0,0.0,0.0,0.0,0.0,68.3908,0.0,0.0,66.35819,86.04651,0.0,26.37362,42.1875,0.0,0.0,61.03896,0.0,0.0,0.0,100.0,0.0,0.0,64.58333,100.0,0.0,0.0,0.0,74.28571,75.79445,0.0,62.80637,0.0,58.62068,0.0,100.0,65.48223,0.0,0.0,84.61538,0.0,0.0,0.0,0.0,0.0,75.48262,16.12903,58.87096,0.0,93.84615,0.0,62.99212,0.0,71.92982,0.0,0.0,0.0,0.0,0.0,0.0,0.0,59.87261,0.0,0.0,0.0,27.77777,0.0,71.42857,0.0,63.08973,0.0,0.0,0.0,50.0,0.0,0.0,27.17948,42.26804,0.0,68.79999,0.0,70.47619,0.0,47.22222,0.0
10,88.44221,0.0,0.0,0.0,0.0,0.0,30.76923,0.0,0.0,0.0,100.0,0.0,87.08609,0.0,20.68965,0.0,2.33236,0.0,41.07142,0.0,27.34375,0.0,0.0,0.0,79.74137,0.0,30.55555,0.0,77.95031,0.0,35.24057,0.0,0.0,0.0,19.65174,0.0,0.0,0.0,0.0,0.0,0.0,0.0,0.0,70.42253,77.86259,62.5,0.0,0.0,0.0,0.0,0.0,15.625,0.0,50.0,0.0,57.86736,0.0,21.875,0.0,0.0,67.56756,37.5,0.0,0.0,0.0,0.0,0.0,78.97756,50.0,0.0,100.0,0.0,0.0,35.29411,0.0,0.0,0.0,62.14622,0.0,57.76397,0.0,76.85185,0.0,0.0,0.0,40.09433,0.0,0.0,0.0,34.21052,0.0,0.0,0.0,44.43053,0.0,0.0,0.0,0.0,0.0,62.26415,0.0,0.0,0.0,0.0,0.0,0.0,0.0,0.0,0.0,91.93548,43.09045,17.94871,15.20467,0.0,0.0,33.09859,0.0,0.0,0.0,70.31963,0.0,0.0,0.0,0.0,0.0,62.8012,0.0,35.71428,0.0,0.0,0.0,0.0,0.0,15.41218,64.58333,0.0,0.0,0.0,0.0,0.0,27.19546,0.0,0.0,0.0,0.0,0.0,0.0,0.0,79.88505,0.0,0.0,59.11812,69.76744,0.0,34.06593,37.5,0.0,0.0,62.33766,0.0,0.0,0.0,0.0,0.0,0.0,47.22222,50.0,0.0,0.0,0.0,65.47619,66.93711,0.0,52.32843,0.0,41.37931,0.0,99.32126,64.467,0.0,0.0,86.81318,0.0,0.0,0.0,0.0,0.0,70.65637,19.35483,49.19354,0.0,100.0,0.0,100.0,0.0,49.1228,0.0,0.0,0.0,0.0,0.0,0.0,0.0,50.31847,0.0,0.0,0.0,33.33333,0.0,92.85714,0.0,69.10268,0.0,0.0,0.0,0.0,0.0,0.0,23.58974,44.32989,0.0,66.4,0.0,40.95238,100.0,25.0,0.0
11,68.3417,0.0,0.0,0.0,0.0,0.0,19.23076,0.0,0.0,0.0,38.46153,0.0,81.78807,0.0,17.24137,0.0,2.33236,0.0,50.89285,0.0,27.34375,0.0,0.0,0.0,65.94827,0.0,69.44444,0.0,48.75776,0.0,46.87906,0.0,0.0,0.0,21.39303,0.0,0.0,0.0,0.0,0.0,0.0,0.0,0.0,64.78873,79.38931,41.66666,0.0,0.0,0.0,0.0,0.0,16.66666,0.0,78.57142,0.0,63.71911,0.0,18.75,0.0,100.0,66.21621,0.0,0.0,0.0,0.0,0.0,1.64556,67.5013,53.33333,0.0,36.8421,0.0,0.0,29.41176,0.0,0.0,0.0,63.20754,0.0,49.68944,0.0,68.51851,0.0,0.0,0.0,36.32075,0.0,23.80952,0.0,57.89473,0.0,0.0,0.0,60.70087,0.0,0.0,0.0,0.0,0.0,61.79245,0.0,0.0,0.0,0.0,0.0,0.0,0.0,0.0,0.0,56.45161,38.69346,13.84615,19.29824,0.0,0.0,46.47887,0.0,0.0,0.0,66.66666,0.0,0.0,0.0,0.0,0.0,81.73945,0.0,78.57142,0.0,0.0,0.0,0.0,0.0,21.86379,65.97222,0.0,0.0,0.0,0.0,0.0,23.51274,0.0,0.0,0.0,0.0,0.0,0.0,0.0,71.26436,0.0,0.0,62.43875,100.0,0.0,32.96703,42.1875,100.0,0.0,45.45454,0.0,0.0,0.0,0.0,0.0,0.0,35.41666,16.66666,0.0,0.0,0.0,71.90476,69.23597,0.0,53.92156,0.0,50.0,0.0,75.56561,82.2335,0.0,0.0,85.16483,0.0,0.0,0.0,0.0,0.0,51.73745,22.58064,69.35483,0.0,79.23076,0.0,87.40157,0.0,64.91228,0.0,0.0,0.0,0.0,0.0,61.11111,0.0,56.68789,0.0,0.0,0.0,42.59259,0.0,62.5,0.0,79.83348,0.0,0.0,0.0,91.66666,0.0,75.0,19.48717,60.82474,0.0,90.4,0.0,90.47619,0.0,38.88888,0.0
12,72.3618,0.0,0.0,0.0,0.0,0.0,30.76923,0.0,0.0,0.0,0.0,0.0,63.90728,0.0,0.0,0.0,3.20699,0.0,51.78571,0.0,22.65625,0.0,0.0,0.0,93.53448,0.0,41.66666,0.0,77.95031,0.0,51.95058,0.0,0.0,0.0,88.55721,0.0,0.0,0.0,0.0,0.0,0.0,0.0,0.0,63.38028,87.0229,45.83333,0.0,0.0,0.0,0.0,0.0,10.41666,0.0,57.14285,0.0,60.46814,0.0,0.0,0.0,0.0,60.47297,0.0,0.0,0.0,0.0,0.0,0.0,63.95409,46.66666,0.0,89.47368,0.0,0.0,0.0,0.0,0.0,0.0,57.54716,0.0,68.32298,0.0,75.0,0.0,0.0,0.0,58.49056,0.0,0.0,0.0,36.8421,0.0,0.0,0.0,67.58448,0.0,0.0,0.0,0.0,0.0,47.16981,0.0,0.0,0.0,0.0,0.0,0.0,0.0,0.0,0.0,61.29032,43.21608,15.89743,20.46783,0.0,0.0,48.59154,0.0,0.0,0.0,61.87214,0.0,0.0,0.0,0.0,0.0,92.77108,0.0,100.0,0.0,0.0,0.0,0.0,0.0,7.52688,53.47222,0.0,0.0,0.0,0.0,0.0,21.81303,0.0,0.0,0.0,0.0,0.0,0.0,0.0,78.16091,0.0,0.0,45.12792,60.46511,0.0,29.67032,23.4375,0.0,0.0,58.44155,0.0,0.0,0.0,0.0,0.0,0.0,39.58333,16.66666,0.0,0.0,0.0,75.71428,70.453,0.0,56.55637,0.0,37.93103,0.0,66.28959,71.5736,0.0,0.0,81.86813,0.0,0.0,0.0,0.0,0.0,59.84555,19.35483,79.8387,0.0,80.76923,0.0,62.20472,0.0,78.94736,0.0,0.0,0.0,0.0,0.0,100.0,0.0,39.49044,0.0,0.0,0.0,53.7037,0.0,39.28571,0.0,94.54209,0.0,0.0,0.0,0.0,0.0,0.0,29.23076,46.39175,0.0,80.0,0.0,84.7619,0.0,30.55555,0.0
13,60.80402,0.0,0.0,0.0,0.0,0.0,61.53846,0.0,0.0,0.0,0.0,0.0,47.68211,0.0,0.0,0.0,4.08163,0.0,20.53571,0.0,25.78125,0.0,83.33333,0.0,58.18965,0.0,33.33333,0.0,98.4472,0.0,42.97789,0.0,0.0,0.0,14.1791,0.0,0.0,0.0,0.0,0.0,0.0,0.0,0.0,70.42253,80.91603,0.0,0.0,0.0,0.0,0.0,0.0,15.625,0.0,0.0,0.0,57.47724,0.0,28.125,0.0,60.0,61.48648,0.0,0.0,0.0,0.0,0.0,0.75949,79.29055,53.33333,0.0,63.15789,0.0,0.0,29.41176,0.0,0.0,0.0,66.74528,0.0,100.0,0.0,81.48148,0.0,0.0,0.0,70.75471,0.0,0.0,0.0,39.47368,0.0,0.0,0.0,61.70212,0.0,0.0,0.0,0.0,0.0,57.54716,0.0,0.0,0.0,0.0,0.0,0.0,0.0,0.0,0.0,72.58064,40.201,15.38461,13.45029,0.0,0.0,47.88732,0.0,0.0,0.0,73.74429,0.0,0.0,0.0,0.0,0.0,78.6521,0.0,50.0,0.0,83.33333,0.0,0.0,0.0,22.22222,62.5,0.0,0.0,0.0,0.0,0.0,30.02832,0.0,0.0,0.0,0.0,0.0,0.0,0.0,93.10344,0.0,0.0,54.59989,74.4186,0.0,37.36263,25.0,0.0,0.0,55.84415,0.0,0.0,0.0,0.0,0.0,0.0,47.91666,0.0,0.0,0.0,0.0,84.7619,65.04394,0.0,60.72303,0.0,34.48275,0.0,92.08144,79.69543,0.0,0.0,84.61538,0.0,0.0,0.0,0.0,0.0,77.79922,70.96774,54.8387,0.0,80.0,0.0,73.22834,0.0,68.42105,0.0,0.0,0.0,0.0,0.0,0.0,0.0,40.76433,0.0,0.0,0.0,24.07407,0.0,71.42857,0.0,68.91766,0.0,0.0,0.0,0.0,0.0,75.0,25.64102,41.23711,0.0,63.2,0.0,48.57142,0.0,25.0,0.0
14,71.35678,0.0,0.0,0.0,0.0,0.0,38.46153,0.0,0.0,0.0,0.0,0.0,50.33112,0.0,20.68965,0.0,4.95626,0.0,31.25,0.0,33.59375,0.0,0.0,0.0,76.72413,0.0,47.22222,0.0,71.42857,0.0,51.43042,0.0,0.0,0.0,15.92039,0.0,70.0,0.0,0.0,0.0,0.0,0.0,0.0,46.47887,64.88549,41.66666,0.0,0.0,0.0,0.0,0.0,22.91666,0.0,57.14285,0.0,78.41352,0.0,50.0,0.0,0.0,67.9054,0.0,0.0,0.0,0.0,0.0,0.0,89.09754,80.0,0.0,63.15789,0.0,0.0,0.0,0.0,0.0,0.0,89.74056,0.0,66.77018,0.0,67.59259,0.0,0.0,0.0,45.75471,0.0,0.0,0.0,57.89473,0.0,0.0,0.0,50.81351,0.0,0.0,0.0,0.0,0.0,58.01886,0.0,0.0,0.0,0.0,0.0,0.0,0.0,0.0,0.0,72.58064,39.44723,5.1282,13.45029,0.0,0.0,38.02816,0.0,0.0,0.0,90.86757,0.0,0.0,0.0,0.0,0.0,71.23493,0.0,85.71428,0.0,0.0,0.0,0.0,0.0,20.4301,100.0,0.0,0.0,0.0,0.0,0.0,21.52974,0.0,0.0,0.0,0.0,0.0,0.0,0.0,75.86206,0.0,0.0,71.85628,55.81395,0.0,37.36263,40.625,0.0,0.0,54.54545,0.0,0.0,0.0,66.66666,0.0,0.0,31.94444,30.0,0.0,0.0,0.0,83.80952,68.76267,0.0,56.31127,0.0,24.13793,0.0,62.66968,85.27918,0.0,0.0,69.23076,0.0,0.0,0.0,0.0,0.0,73.55212,48.38709,55.64516,0.0,59.23076,0.0,33.85826,0.0,63.15789,0.0,0.0,0.0,0.0,0.0,27.77777,0.0,68.15286,0.0,0.0,0.0,40.74074,0.0,85.71428,0.0,74.93061,0.0,0.0,0.0,58.33333,0.0,100.0,25.64102,27.83505,0.0,65.6,0.0,55.23809,0.0,63.88888,0.0
15,57.78894,0.0,0.0,0.0,0.0,0.0,38.46153,0.0,0.0,0.0,0.0,0.0,58.60927,0.0,0.0,0.0,4.08163,0.0,30.35714,0.0,17.1875,0.0,0.0,0.0,71.55172,0.0,44.44444,0.0,71.73913,0.0,53.44603,0.0,0.0,0.0,13.93034,0.0,0.0,0.0,0.0,0.0,0.0,0.0,0.0,57.74647,69.46564,0.0,0.0,0.0,0.0,0.0,0.0,14.58333,0.0,0.0,0.0,75.94278,0.0,37.5,0.0,0.0,95.27027,0.0,62.5,0.0,0.0,0.0,0.0,83.6724,53.33333,0.0,78.94736,0.0,0.0,0.0,0.0,0.0,0.0,75.58962,0.0,63.97515,0.0,63.88888,0.0,0.0,0.0,56.13207,0.0,0.0,0.0,34.21052,0.0,0.0,0.0,52.94117,0.0,0.0,0.0,0.0,0.0,49.0566,0.0,0.0,0.0,0.0,0.0,0.0,50.0,0.0,0.0,66.12903,100.0,12.30769,5.84795,0.0,0.0,36.61971,0.0,0.0,0.0,83.56164,0.0,0.0,0.0,0.0,0.0,71.31024,0.0,42.85714,0.0,0.0,0.0,0.0,0.0,16.84587,70.83333,0.0,0.0,0.0,0.0,0.0,19.83002,0.0,0.0,0.0,0.0,0.0,0.0,0.0,69.54022,0.0,0.0,66.79368,48.8372,0.0,29.67032,43.75,0.0,0.0,37.66233,0.0,0.0,0.0,0.0,0.0,0.0,30.55555,33.33333,0.0,0.0,0.0,100.0,64.3002,0.0,58.33333,0.0,100.0,0.0,64.25339,68.0203,0.0,0.0,69.78021,0.0,0.0,0.0,0.0,0.0,70.07722,67.74193,54.8387,0.0,65.38461,0.0,20.47244,0.0,84.21052,0.0,0.0,0.0,0.0,0.0,44.44444,0.0,40.12738,0.0,0.0,0.0,44.44444,0.0,67.85714,0.0,78.7234,0.0,0.0,0.0,0.0,0.0,75.0,30.76923,24.74226,0.0,63.2,0.0,60.0,0.0,44.44444,0.0
16,75.37688,0.0,0.0,0.0,0.0,0.0,73.07692,0.0,0.0,0.0,38.46153,0.0,72.18543,0.0,0.0,0.0,3.20699,0.0,25.89285,0.0,22.65625,0.0,0.0,0.0,66.37931,0.0,66.66666,0.0,72.04968,0.0,49.3498,0.0,0.0,0.0,9.95024,0.0,0.0,0.0,0.0,0.0,0.0,0.0,0.0,66.19718,74.0458,33.33333,0.0,0.0,0.0,0.0,0.0,12.5,0.0,85.71428,0.0,79.71391,0.0,34.375,0.0,0.0,84.45945,37.5,0.0,0.0,0.0,0.0,0.75949,85.86332,50.0,0.0,36.8421,0.0,0.0,0.0,0.0,0.0,0.0,80.89622,0.0,64.90683,0.0,87.96296,0.0,0.0,0.0,69.81132,0.0,23.80952,0.0,63.15789,0.0,0.0,0.0,52.44055,0.0,0.0,0.0,0.0,0.0,60.84905,0.0,0.0,0.0,0.0,0.0,0.0,0.0,0.0,0.0,53.2258,40.07537,12.30769,5.84795,0.0,0.0,42.25352,0.0,0.0,0.0,63.01369,0.0,0.0,0.0,0.0,0.0,67.01807,0.0,0.0,0.0,0.0,0.0,0.0,0.0,22.58064,63.19444,0.0,0.0,0.0,0.0,0.0,25.21246,0.0,0.0,0.0,0.0,0.0,0.0,0.0,63.7931,0.0,0.0,69.02558,37.2093,0.0,32.96703,20.3125,0.0,0.0,33.76623,0.0,0.0,0.0,0.0,0.0,0.0,28.47222,23.33333,0.0,0.0,0.0,82.14285,67.8837,0.0,55.7598,0.0,51.72413,0.0,64.70588,87.30964,0.0,0.0,76.92307,0.0,0.0,0.0,0.0,0.0,60.23166,35.48387,54.03225,0.0,74.61538,0.0,40.94488,0.0,56.14035,0.0,0.0,0.0,0.0,0.0,38.88888,0.0,59.23566,0.0,0.0,0.0,35.18518,0.0,53.57142,0.0,73.358,0.0,0.0,0.0,0.0,0.0,41.66666,31.79487,34.02061,0.0,60.0,0.0,59.04761,0.0,47.22222,0.0
17,99.49748,0.0,0.0,0.0,0.0,0.0,46.15384,0.0,0.0,0.0,0.0,0.0,76.15894,0.0,0.0,0.0,0.0,0.0,37.5,0.0,28.90625,0.0,0.0,0.0,68.96551,0.0,30.55555,0.0,72.6708,0.0,45.51365,0.0,0.0,0.0,13.93034,0.0,0.0,0.0,0.0,0.0,0.0,0.0,0.0,76.05633,59.54198,25.0,0.0,0.0,0.0,0.0,0.0,12.5,0.0,35.71428,0.0,79.84395,0.0,37.5,0.0,0.0,75.33783,100.0,0.0,0.0,0.0,0.0,0.0,83.62023,26.66666,0.0,36.8421,0.0,0.0,0.0,0.0,0.0,0.0,79.71698,0.0,55.2795,0.0,78.7037,0.0,0.0,0.0,50.47169,0.0,23.80952,0.0,44.73684,0.0,0.0,0.0,50.31289,0.0,0.0,0.0,0.0,0.0,63.67924,0.0,0.0,0.0,0.0,0.0,0.0,0.0,0.0,0.0,48.38709,39.94974,7.17948,6.43274,0.0,0.0,40.14084,0.0,0.0,0.0,69.17808,0.0,0.0,0.0,0.0,0.0,65.17319,0.0,35.71428,0.0,0.0,0.0,0.0,0.0,12.90322,56.25,0.0,0.0,0.0,0.0,0.0,27.76203,0.0,0.0,0.0,0.0,0.0,0.0,0.0,54.5977,0.0,0.0,68.86227,23.25581,0.0,28.57142,25.0,0.0,0.0,44.15584,0.0,0.0,0.0,0.0,0.0,0.0,30.55555,30.0,0.0,0.0,0.0,74.28571,63.75929,0.0,51.28676,0.0,43.10344,0.0,64.47963,70.05076,0.0,0.0,74.17582,0.0,0.0,0.0,0.0,0.0,52.12355,29.03225,42.74193,0.0,77.6923,0.0,38.58267,0.0,52.63157,0.0,0.0,0.0,0.0,0.0,33.33333,0.0,44.58598,0.0,0.0,0.0,18.51851,0.0,75.0,0.0,60.49953,0.0,0.0,0.0,41.66666,0.0,41.66666,23.58974,42.26804,0.0,50.4,0.0,56.19047,0.0,36.11111,0.0
18,66.83417,0.0,0.0,0.0,0.0,0.0,38.46153,0.0,0.0,0.0,0.0,0.0,57.28476,0.0,17.24137,0.0,4.95626,0.0,32.14285,0.0,32.03125,0.0,83.33333,0.0,79.31034,0.0,69.44444,0.0,57.76397,0.0,52.92587,0.0,0.0,0.0,20.398,0.0,0.0,0.0,0.0,0.0,0.0,0.0,0.0,83.09859,61.0687,0.0,0.0,0.0,0.0,0.0,0.0,19.79166,0.0,57.14285,0.0,68.0104,0.0,18.75,0.0,0.0,88.51351,93.75,0.0,100.0,0.0,0.0,0.0,79.44705,26.66666,0.0,36.8421,0.0,0.0,52.94117,0.0,0.0,0.0,83.49056,0.0,47.51552,0.0,83.33333,0.0,0.0,0.0,42.45283,0.0,0.0,0.0,36.8421,0.0,0.0,0.0,68.9612,0.0,0.0,0.0,0.0,0.0,53.30188,0.0,0.0,0.0,0.0,0.0,0.0,58.33333,0.0,0.0,51.6129,36.80904,8.20512,4.67836,0.0,0.0,52.8169,0.0,0.0,0.0,65.52511,0.0,0.0,0.0,0.0,0.0,75.56475,0.0,0.0,0.0,0.0,0.0,0.0,0.0,5.73476,43.05555,0.0,0.0,0.0,0.0,0.0,35.97733,0.0,0.0,0.0,0.0,0.0,0.0,0.0,55.74712,0.0,0.0,76.6467,53.48837,0.0,25.27472,17.1875,0.0,0.0,36.36363,0.0,0.0,0.0,0.0,0.0,0.0,33.33333,30.0,0.0,0.0,0.0,71.19047,66.93711,0.0,56.18872,0.0,41.37931,0.0,61.53846,73.09644,0.0,0.0,73.62637,0.0,0.0,0.0,0.0,0.0,58.8803,38.70967,70.96774,0.0,86.15384,0.0,40.94488,0.0,64.91228,0.0,0.0,0.0,0.0,0.0,33.33333,0.0,41.40127,0.0,0.0,0.0,37.03703,0.0,80.35714,0.0,83.34875,0.0,0.0,0.0,0.0,0.0,91.66666,23.07692,47.42268,0.0,90.4,0.0,51.42857,0.0,25.0,0.0
19,61.30653,0.0,0.0,0.0,0.0,0.0,46.15384,0.0,0.0,0.0,0.0,0.0,70.19867,0.0,34.48275,0.0,4.66472,0.0,28.57142,0.0,46.875,0.0,0.0,0.0,77.5862,0.0,66.66666,0.0,72.98136,0.0,56.24187,0.0,0.0,0.0,15.67164,0.0,0.0,0.0,0.0,0.0,0.0,0.0,0.0,90.14084,63.35877,20.83333,0.0,0.0,0.0,0.0,0.0,16.66666,0.0,42.85714,0.0,56.95708,0.0,28.125,0.0,0.0,68.24324,0.0,0.0,0.0,0.0,0.0,0.88607,70.99634,33.33333,0.0,36.8421,0.0,0.0,41.17647,0.0,0.0,0.0,68.39622,0.0,76.70807,0.0,78.7037,0.0,0.0,0.0,54.24528,0.0,23.80952,0.0,34.21052,0.0,0.0,0.0,76.7209,0.0,0.0,0.0,0.0,0.0,52.83018,0.0,0.0,0.0,0.0,0.0,0.0,0.0,0.0,0.0,61.29032,37.56281,9.74358,6.43274,0.0,0.0,64.0845,0.0,0.0,0.0,66.43835,0.0,0.0,0.0,0.0,0.0,100.0,0.0,92.85714,0.0,0.0,0.0,0.0,0.0,8.96057,45.83333,0.0,0.0,0.0,0.0,0.0,36.26062,0.0,0.0,0.0,0.0,0.0,0.0,0.0,66.66666,0.0,0.0,48.23081,39.53488,0.0,43.95604,20.3125,0.0,0.0,32.46753,0.0,0.0,0.0,0.0,0.0,0.0,20.83333,0.0,0.0,0.0,0.0,94.7619,74.23935,0.0,63.90931,0.0,62.06896,0.0,61.99095,72.08121,83.33333,0.0,79.67032,0.0,0.0,0.0,0.0,0.0,64.09266,32.25806,72.58064,0.0,75.38461,0.0,31.49606,0.0,73.68421,0.0,0.0,0.0,0.0,0.0,33.33333,0.0,36.30573,0.0,0.0,0.0,72.22222,0.0,39.28571,0.0,84.73635,0.0,0.0,0.0,41.66666,0.0,58.33333,26.66666,71.13402,0.0,96.8,0.0,55.23809,0.0,30.55555,0.0
20,67.33668,0.0,0.0,0.0,0.0,0.0,42.30769,0.0,0.0,0.0,0.0,0.0,61.92052,0.0,20.68965,0.0,5.53935,0.0,30.35714,0.0,42.1875,0.0,0.0,0.0,60.77586,0.0,36.11111,0.0,78.57142,0.0,43.75812,0.0,0.0,0.0,15.92039,0.0,0.0,0.0,0.0,0.0,0.0,0.0,0.0,76.05633,43.51145,20.83333,0.0,0.0,0.0,100.0,0.0,17.70833,0.0,64.28571,0.0,60.59817,0.0,0.0,0.0,0.0,60.13513,50.0,0.0,0.0,0.0,0.0,0.63291,76.21283,26.66666,0.0,52.63157,0.0,0.0,0.0,0.0,0.0,0.0,81.83962,0.0,91.6149,0.0,88.88888,0.0,0.0,0.0,76.41509,0.0,23.80952,0.0,31.57894,0.0,0.0,0.0,52.81602,0.0,0.0,0.0,0.0,0.0,57.07547,0.0,0.0,0.0,0.0,0.0,0.0,0.0,0.0,0.0,43.54838,30.02512,5.64102,11.11111,0.0,81.81818,50.0,0.0,0.0,0.0,68.94977,0.0,0.0,0.0,0.0,0.0,74.24698,0.0,0.0,0.0,0.0,0.0,0.0,0.0,15.05376,68.75,0.0,0.0,0.0,0.0,0.0,33.99433,0.0,0.0,0.0,0.0,0.0,0.0,0.0,74.71264,0.0,0.0,53.29341,41.86046,0.0,21.97802,43.75,0.0,0.0,40.25974,0.0,0.0,0.0,0.0,0.0,0.0,34.02777,23.33333,0.0,0.0,0.0,81.66666,66.93711,0.0,55.0245,0.0,34.48275,0.0,65.15837,75.63451,100.0,0.0,92.85714,0.0,0.0,0.0,0.0,0.0,73.35907,100.0,62.90322,0.0,57.6923,0.0,28.34645,0.0,54.38596,0.0,0.0,0.0,0.0,0.0,0.0,0.0,49.04458,0.0,0.0,0.0,51.85185,0.0,67.85714,0.0,70.30527,0.0,0.0,0.0,0.0,0.0,0.0,42.05128,51.54639,0.0,72.8,0.0,33.33333,0.0,44.44444,0.0
21,64.3216,0.0,0.0,0.0,0.0,0.0,57.6923,0.0,0.0,0.0,0.0,0.0,62.58278,0.0,31.03448,0.0,7.87172,0.0,63.39285,0.0,26.5625,0.0,0.0,0.0,74.13793,0.0,44.44444,0.0,60.559,0.0,51.95058,0.0,0.0,0.0,14.1791,0.0,0.0,0.0,0.0,0.0,0.0,0.0,0.0,46.47887,35.87786,0.0,0.0,0.0,0.0,0.0,0.0,32.29166,0.0,100.0,0.0,100.0,0.0,21.875,0.0,0.0,80.74324,43.75,0.0,85.71428,0.0,0.0,0.0,97.9134,23.33333,0.0,52.63157,0.0,0.0,58.82352,0.0,0.0,0.0,95.99056,0.0,79.19254,0.0,79.62962,0.0,0.0,0.0,64.62264,0.0,0.0,0.0,97.36842,0.0,0.0,0.0,55.56946,0.0,0.0,0.0,0.0,0.0,55.18867,0.0,0.0,0.0,0.0,0.0,0.0,0.0,0.0,0.0,22.58064,35.67839,5.1282,7.60233,0.0,88.63636,43.66197,0.0,0.0,0.0,80.82191,0.0,0.0,0.0,0.0,0.0,68.67469,0.0,57.14285,0.0,0.0,0.0,0.0,0.0,10.39426,63.19444,0.0,0.0,0.0,0.0,0.0,39.37677,0.0,0.0,0.0,0.0,0.0,0.0,0.0,68.96551,0.0,0.0,69.3522,62.79069,0.0,25.27472,28.125,0.0,0.0,37.66233,0.0,0.0,0.0,0.0,0.0,0.0,40.97222,16.66666,0.0,0.0,0.0,79.5238,64.43542,0.0,51.34803,0.0,37.93103,0.0,63.34841,86.29441,0.0,0.0,69.78021,0.0,0.0,0.0,0.0,0.0,67.37451,35.48387,62.09677,0.0,37.6923,0.0,18.11023,0.0,64.91228,0.0,0.0,0.0,0.0,0.0,0.0,0.0,47.7707,0.0,0.0,0.0,29.62962,0.0,48.21428,0.0,70.6753,0.0,0.0,0.0,0.0,0.0,41.66666,41.02564,40.20618,0.0,68.79999,0.0,56.19047,0.0,30.55555,0.0
22,67.83919,0.0,0.0,0.0,0.0,0.0,42.30769,0.0,0.0,0.0,0.0,0.0,60.2649,0.0,41.37931,0.0,2.33236,0.0,69.64285,0.0,31.25,0.0,0.0,0.0,82.32758,0.0,33.33333,0.0,61.18012,0.0,44.14824,0.0,0.0,0.0,16.91542,0.0,0.0,0.0,0.0,0.0,0.0,0.0,0.0,47.88732,56.48854,0.0,0.0,0.0,0.0,0.0,0.0,16.66666,0.0,50.0,0.0,96.87906,0.0,25.0,0.0,0.0,100.0,31.25,0.0,0.0,0.0,0.0,1.13924,100.0,23.33333,0.0,36.8421,0.0,0.0,52.94117,0.0,0.0,0.0,92.68867,0.0,56.83229,0.0,66.66666,0.0,0.0,0.0,59.43396,0.0,23.80952,0.0,47.36842,0.0,0.0,0.0,57.07133,0.0,0.0,0.0,0.0,0.0,50.94339,0.0,0.0,0.0,0.0,0.0,0.0,75.0,0.0,0.0,51.6129,39.94974,3.58974,2.92397,0.0,100.0,50.0,0.0,0.0,0.0,69.40639,0.0,0.0,0.0,0.0,0.0,64.72138,0.0,0.0,0.0,0.0,0.0,0.0,0.0,17.2043,58.33333,0.0,0.0,0.0,0.0,0.0,27.76203,0.0,0.0,0.0,0.0,0.0,0.0,0.0,64.36781,0.0,0.0,72.50952,51.16279,0.0,17.58241,21.875,0.0,0.0,31.16883,0.0,0.0,0.0,0.0,0.0,0.0,20.13888,23.33333,0.0,0.0,0.0,76.66666,60.10818,0.0,49.20343,0.0,63.7931,0.0,54.75113,81.72588,0.0,0.0,82.41758,0.0,0.0,0.0,0.0,0.0,53.861,35.48387,70.16129,0.0,50.0,0.0,15.74803,0.0,57.89473,0.0,0.0,0.0,0.0,0.0,44.44444,0.0,40.76433,0.0,0.0,0.0,18.51851,0.0,41.07142,0.0,67.99259,0.0,0.0,0.0,0.0,0.0,83.33333,48.71794,42.26804,0.0,51.2,0.0,45.71428,0.0,25.0,0.0
23,79.39698,0.0,0.0,0.0,0.0,0.0,73.07692,0.0,0.0,0.0,0.0,0.0,83.11258,0.0,20.68965,0.0,3.49854,0.0,35.71428,0.0,54.6875,0.0,0.0,0.0,67.67241,0.0,47.22222,0.0,49.37888,0.0,44.6684,0.0,0.0,0.0,17.16417,0.0,0.0,0.0,0.0,0.0,0.0,0.0,0.0,70.42253,36.64122,0.0,0.0,0.0,0.0,0.0,0.0,16.66666,0.0,50.0,0.0,75.6827,0.0,28.125,0.0,0.0,82.09459,0.0,0.0,0.0,0.0,0.0,0.0,92.80125,23.33333,0.0,84.21052,0.0,0.0,76.47058,0.0,0.0,0.0,87.26415,0.0,52.79503,0.0,67.59259,0.0,0.0,0.0,58.01886,0.0,28.57142,0.0,26.31578,0.0,0.0,0.0,50.06257,0.0,0.0,0.0,0.0,0.0,50.0,0.0,0.0,0.0,0.0,0.0,0.0,50.0,0.0,0.0,33.87096,40.07537,4.61538,5.26315,0.0,77.27272,73.23943,0.0,0.0,0.0,63.242,0.0,100.0,0.0,0.0,0.0,65.7756,0.0,0.0,0.0,0.0,0.0,0.0,0.0,16.12903,50.0,0.0,0.0,0.0,0.0,0.0,21.52974,0.0,0.0,0.0,0.0,0.0,0.0,0.0,80.45977,0.0,0.0,98.20359,53.48837,0.0,30.76923,28.125,0.0,0.0,35.06493,0.0,0.0,0.0,0.0,0.0,0.0,22.22222,26.66666,0.0,0.0,0.0,68.57142,60.04056,0.0,46.99754,0.0,31.03448,0.0,53.16742,71.5736,0.0,0.0,85.71428,0.0,0.0,0.0,0.0,0.0,59.6525,38.70967,43.54838,0.0,66.92307,0.0,25.19685,0.0,52.63157,0.0,0.0,0.0,0.0,0.0,0.0,0.0,43.3121,0.0,0.0,0.0,20.37037,0.0,60.71428,0.0,62.25716,0.0,0.0,0.0,0.0,0.0,0.0,38.97435,29.8969,0.0,52.8,0.0,37.14285,0.0,30.55555,0.0
24,73.36683,0.0,0.0,0.0,0.0,0.0,46.15384,0.0,0.0,0.0,0.0,0.0,84.43708,0.0,27.5862,0.0,4.37317,0.0,33.03571,0.0,42.96875,0.0,100.0,0.0,54.31034,0.0,25.0,0.0,61.80124,0.0,35.63068,0.0,0.0,0.0,17.16417,0.0,0.0,0.0,0.0,0.0,0.0,0.0,0.0,71.83098,48.85496,0.0,0.0,0.0,0.0,0.0,0.0,22.91666,0.0,35.71428,0.0,64.36931,0.0,25.0,0.0,0.0,84.12162,68.75,0.0,0.0,0.0,0.0,0.0,88.15858,16.66666,0.0,31.57894,0.0,0.0,41.17647,0.0,0.0,0.0,72.87735,0.0,49.68944,0.0,72.22222,0.0,0.0,0.0,50.94339,0.0,23.80952,0.0,78.94736,0.0,0.0,0.0,51.81476,0.0,0.0,0.0,0.0,0.0,60.37735,0.0,0.0,0.0,0.0,0.0,0.0,41.66666,0.0,0.0,58.06451,29.52261,5.1282,8.18713,0.0,84.0909,57.74647,0.0,0.0,0.0,54.79452,0.0,0.0,0.0,0.0,0.0,58.20783,0.0,0.0,0.0,0.0,0.0,0.0,0.0,100.0,52.77777,0.0,0.0,0.0,0.0,0.0,15.86402,0.0,0.0,0.0,0.0,0.0,0.0,0.0,70.11494,0.0,0.0,76.26565,81.39534,0.0,28.57142,43.75,0.0,0.0,33.76623,0.0,0.0,0.0,55.55555,0.0,0.0,13.88888,16.66666,0.0,0.0,0.0,74.7619,61.32521,0.0,50.24509,0.0,20.68965,0.0,70.13574,83.24873,0.0,0.0,95.05494,0.0,0.0,0.0,0.0,0.0,47.49034,16.12903,44.35483,0.0,98.46153,0.0,28.34645,0.0,70.17543,0.0,0.0,0.0,0.0,0.0,0.0,0.0,42.67515,0.0,0.0,0.0,24.07407,0.0,71.42857,0.0,50.97132,0.0,0.0,0.0,0.0,0.0,0.0,31.79487,54.63917,0.0,48.8,0.0,20.0,0.0,22.22222,0.0
25,64.3216,0.0,0.0,0.0,0.0,0.0,34.61538,0.0,0.0,0.0,0.0,0.0,62.25165,0.0,41.37931,0.0,4.66472,0.0,38.39285,0.0,55.46875,0.0,0.0,0.0,53.87931,0.0,36.11111,0.0,48.75776,0.0,47.72431,0.0,0.0,0.0,11.19402,0.0,0.0,0.0,0.0,0.0,0.0,0.0,0.0,61.97183,59.54198,0.0,0.0,0.0,0.0,0.0,0.0,16.66666,0.0,42.85714,0.0,63.58907,0.0,28.125,0.0,0.0,73.98648,0.0,0.0,0.0,0.0,0.0,2.15189,76.47365,16.66666,0.0,0.0,0.0,0.0,88.23529,0.0,0.0,0.0,61.43867,0.0,44.72049,0.0,58.33333,0.0,0.0,0.0,47.6415,0.0,0.0,0.0,36.8421,0.0,0.0,0.0,62.3279,0.0,0.0,0.0,0.0,0.0,56.13207,0.0,0.0,0.0,0.0,0.0,0.0,0.0,0.0,0.0,59.67741,32.91457,5.64102,4.09356,0.0,20.45454,50.70422,0.0,0.0,0.0,59.58904,0.0,0.0,0.0,0.0,0.0,74.81174,0.0,0.0,0.0,0.0,0.0,100.0,0.0,16.48745,68.75,0.0,0.0,0.0,0.0,0.0,14.44759,0.0,0.0,0.0,0.0,0.0,0.0,0.0,60.91954,0.0,0.0,81.60043,60.46511,0.0,28.57142,46.875,0.0,0.0,29.87012,0.0,0.0,0.0,0.0,0.0,0.0,13.19444,16.66666,0.0,0.0,0.0,61.66666,68.15415,0.0,53.67647,0.0,43.10344,0.0,63.57466,78.6802,0.0,0.0,78.57142,0.0,0.0,0.0,0.0,0.0,53.861,29.03225,64.51612,0.0,61.53846,0.0,17.32283,0.0,73.68421,0.0,0.0,0.0,0.0,0.0,0.0,0.0,42.67515,0.0,0.0,0.0,20.37037,0.0,44.64285,0.0,69.93524,0.0,0.0,0.0,50.0,0.0,50.0,35.38461,55.6701,0.0,74.4,0.0,28.57142,0.0,69.44444,0.0
26,51.25628,0.0,0.0,0.0,0.0,0.0,53.84615,0.0,0.0,0.0,0.0,0.0,49.66887,0.0,0.0,0.0,7.28862,0.0,41.07142,0.0,56.25,0.0,0.0,0.0,74.13793,0.0,63.88888,0.0,62.73291,0.0,54.94148,0.0,0.0,0.0,12.43781,0.0,0.0,0.0,0.0,0.0,0.0,0.0,0.0,67.60563,50.38167,33.33333,0.0,0.0,0.0,0.0,0.0,17.70833,0.0,35.71428,0.0,55.52665,0.0,21.875,0.0,0.0,56.08108,0.0,0.0,0.0,0.0,0.0,3.16455,70.63119,0.0,0.0,26.31578,0.0,0.0,41.17647,0.0,0.0,0.0,69.45754,0.0,60.24844,0.0,50.0,0.0,0.0,0.0,62.73584,0.0,28.57142,0.0,44.73684,0.0,0.0,0.0,62.82853,0.0,0.0,0.0,0.0,0.0,39.15094,0.0,0.0,0.0,0.0,0.0,0.0,0.0,0.0,0.0,51.6129,32.53768,3.58974,10.52631,0.0,18.18181,39.43661,0.0,0.0,0.0,58.21917,0.0,0.0,0.0,0.0,0.0,92.24397,0.0,50.0,0.0,0.0,0.0,0.0,0.0,10.03584,47.91666,0.0,0.0,0.0,0.0,0.0,14.44759,0.0,0.0,0.0,0.0,0.0,0.0,0.0,69.54022,0.0,0.0,59.60805,41.86046,0.0,31.86813,50.0,0.0,0.0,28.57142,0.0,0.0,0.0,0.0,0.0,0.0,13.19444,0.0,0.0,0.0,0.0,78.57142,66.46382,0.0,57.29166,0.0,34.48275,0.0,73.30316,85.7868,0.0,0.0,79.67032,0.0,0.0,0.0,0.0,0.0,57.91505,38.70967,70.16129,0.0,67.6923,0.0,16.53543,0.0,50.87719,0.0,0.0,0.0,0.0,0.0,0.0,0.0,36.94267,0.0,0.0,0.0,50.0,0.0,66.07142,0.0,80.20351,0.0,0.0,0.0,0.0,0.0,83.33333,42.05128,56.70103,0.0,81.59999,0.0,37.14285,0.0,58.33333,0.0
27,68.3417,0.0,0.0,0.0,0.0,0.0,73.07692,0.0,0.0,0.0,0.0,0.0,44.37086,0.0,20.68965,0.0,5.53935,0.0,23.21428,0.0,28.125,0.0,0.0,0.0,50.0,0.0,47.22222,0.0,71.73913,0.0,39.92197,0.0,0.0,0.0,10.69651,0.0,0.0,0.0,0.0,0.0,0.0,0.0,0.0,70.42253,45.80152,100.0,0.0,0.0,0.0,0.0,0.0,14.58333,0.0,0.0,0.0,59.16775,0.0,0.0,0.0,0.0,54.72972,0.0,62.5,0.0,0.0,0.0,1.51898,81.06416,20.0,0.0,42.10526,0.0,0.0,64.70588,0.0,0.0,0.0,62.73584,0.0,66.14906,0.0,75.0,0.0,0.0,0.0,75.47169,0.0,0.0,0.0,39.47368,0.0,0.0,0.0,49.31163,0.0,0.0,0.0,0.0,0.0,49.5283,0.0,0.0,0.0,0.0,0.0,0.0,0.0,0.0,0.0,69.35483,35.3015,6.66666,9.94152,0.0,0.0,50.70422,0.0,0.0,0.0,68.03652,0.0,0.0,0.0,0.0,0.0,66.11445,0.0,0.0,0.0,100.0,0.0,0.0,0.0,13.26164,74.30555,0.0,0.0,0.0,0.0,0.0,18.13031,0.0,0.0,0.0,0.0,0.0,0.0,0.0,69.54022,0.0,0.0,63.90854,65.11627,0.0,32.96703,40.625,0.0,0.0,33.76623,0.0,0.0,0.0,0.0,0.0,0.0,15.97222,0.0,0.0,0.0,0.0,91.90476,65.99053,0.0,56.0049,0.0,43.10344,0.0,57.23981,93.90862,0.0,0.0,76.37362,0.0,0.0,0.0,0.0,0.0,64.67181,29.03225,60.48387,0.0,64.61538,0.0,9.44881,0.0,57.89473,0.0,0.0,0.0,0.0,0.0,27.77777,0.0,66.24203,0.0,0.0,0.0,25.92592,0.0,62.5,0.0,63.27474,0.0,0.0,0.0,0.0,0.0,58.33333,41.02564,50.51546,0.0,66.4,0.0,32.38095,0.0,55.55555,0.0
28,82.91457,0.0,0.0,0.0,0.0,0.0,80.76923,0.0,0.0,0.0,0.0,0.0,49.33774,0.0,34.48275,0.0,6.99708,0.0,52.67857,0.0,21.09375,0.0,0.0,0.0,53.01724,0.0,30.55555,0.0,69.25465,0.0,37.90637,0.0,0.0,0.0,17.16417,0.0,0.0,0.0,0.0,0.0,0.0,0.0,0.0,71.83098,41.98473,54.16666,0.0,0.0,0.0,0.0,0.0,13.54166,0.0,42.85714,0.0,72.17165,0.0,28.125,0.0,0.0,54.39189,43.75,0.0,0.0,0.0,0.0,0.63291,89.20187,26.66666,0.0,0.0,0.0,0.0,58.82352,0.0,0.0,0.0,86.32075,0.0,65.21739,0.0,64.81481,0.0,0.0,0.0,56.60377,0.0,0.0,0.0,42.10526,0.0,0.0,0.0,48.5607,0.0,0.0,0.0,0.0,0.0,61.32075,0.0,0.0,0.0,0.0,0.0,0.0,0.0,0.0,0.0,30.64516,40.95477,4.61538,4.67836,0.0,0.0,61.2676,0.0,0.0,0.0,78.53881,0.0,100.0,0.0,0.0,0.0,61.14457,0.0,0.0,0.0,0.0,0.0,0.0,0.0,71.32616,52.77777,0.0,0.0,0.0,0.0,0.0,23.79603,0.0,0.0,0.0,0.0,0.0,0.0,0.0,54.5977,0.0,0.0,87.86064,58.13953,0.0,43.95604,31.25,0.0,0.0,44.15584,0.0,0.0,0.0,0.0,0.0,0.0,16.66666,0.0,0.0,0.0,0.0,78.09523,59.90534,0.0,58.33333,0.0,31.03448,0.0,63.8009,74.61928,0.0,0.0,69.23076,0.0,0.0,0.0,0.0,0.0,47.87644,35.48387,36.29032,0.0,47.6923,0.0,11.02362,0.0,73.68421,0.0,0.0,0.0,0.0,0.0,44.44444,0.0,54.14012,0.0,0.0,0.0,27.77777,0.0,62.5,0.0,64.66234,0.0,0.0,0.0,0.0,0.0,0.0,35.89743,59.79381,0.0,54.4,0.0,24.7619,0.0,36.11111,0.0
29,71.35678,0.0,0.0,0.0,0.0,0.0,76.92307,0.0,0.0,0.0,0.0,0.0,53.64238,0.0,0.0,0.0,18.65889,0.0,47.32142,0.0,28.125,0.0,0.0,0.0,60.34482,0.0,25.0,0.0,56.21118,0.0,46.42392,0.0,0.0,0.0,12.93532,0.0,0.0,0.0,0.0,0.0,0.0,0.0,0.0,40.84507,50.38167,29.16666,0.0,0.0,0.0,0.0,0.0,19.79166,0.0,0.0,0.0,77.11313,0.0,21.875,0.0,0.0,66.21621,31.25,75.0,0.0,0.0,0.0,0.0,81.48148,16.66666,0.0,0.0,0.0,0.0,35.29411,0.0,0.0,0.0,70.51886,0.0,44.72049,0.0,52.77777,0.0,0.0,0.0,47.6415,0.0,33.33333,0.0,34.21052,0.0,0.0,0.0,60.70087,0.0,0.0,0.0,0.0,0.0,43.86792,0.0,0.0,0.0,0.0,0.0,0.0,0.0,0.0,0.0,46.77419,54.52261,10.25641,8.18713,0.0,0.0,61.97183,0.0,0.0,0.0,73.05936,0.0,0.0,0.0,0.0,0.0,59.6009,0.0,35.71428,0.0,0.0,0.0,0.0,0.0,14.33691,47.91666,0.0,0.0,0.0,0.0,0.0,17.84702,0.0,0.0,0.0,0.0,0.0,0.0,0.0,69.54022,0.0,0.0,77.40881,86.04651,0.0,37.36263,75.0,0.0,0.0,25.97402,0.0,0.0,0.0,0.0,0.0,0.0,18.05555,0.0,0.0,0.0,0.0,76.19047,68.08654,0.0,60.66176,0.0,31.03448,0.0,65.8371,73.60406,0.0,0.0,65.38461,0.0,0.0,0.0,0.0,0.0,56.75675,48.38709,57.25806,0.0,55.38461,0.0,7.08661,0.0,66.66666,0.0,0.0,0.0,0.0,0.0,0.0,0.0,52.86624,0.0,0.0,0.0,11.11111,0.0,44.64285,0.0,81.22109,0.0,0.0,0.0,0.0,0.0,66.66666,42.05128,55.6701,0.0,73.6,0.0,45.71428,0.0,44.44444,0.0
30,83.41708,0.0,0.0,0.0,0.0,0.0,80.76923,0.0,0.0,0.0,0.0,0.0,65.23178,0.0,27.5862,0.0,24.48979,0.0,28.57142,0.0,30.46875,0.0,0.0,0.0,67.67241,0.0,25.0,0.0,81.0559,0.0,37.64629,0.0,0.0,0.0,14.42786,0.0,0.0,0.0,0.0,0.0,0.0,0.0,0.0,77.46478,36.64122,0.0,0.0,0.0,0.0,0.0,0.0,13.54166,0.0,42.85714,0.0,63.45903,0.0,15.625,0.0,0.0,63.85135,0.0,0.0,0.0,0.0,0.0,64.05063,72.56129,0.0,0.0,0.0,0.0,0.0,52.94117,0.0,0.0,0.0,63.08962,0.0,63.04347,0.0,78.7037,0.0,0.0,0.0,59.90566,0.0,28.57142,0.0,18.42105,0.0,0.0,0.0,51.68961,0.0,0.0,0.0,0.0,0.0,53.77358,0.0,0.0,0.0,0.0,0.0,0.0,100.0,0.0,0.0,67.74193,49.1206,9.74358,14.61988,0.0,0.0,33.09859,0.0,0.0,0.0,52.73972,0.0,0.0,0.0,0.0,0.0,66.30271,0.0,0.0,0.0,0.0,0.0,0.0,0.0,23.29749,34.72222,0.0,0.0,54.54545,0.0,0.0,13.59773,0.0,0.0,0.0,0.0,0.0,0.0,0.0,67.81609,0.0,0.0,82.68916,95.34883,0.0,30.76923,64.0625,100.0,0.0,42.85714,0.0,0.0,0.0,0.0,0.0,0.0,11.11111,0.0,0.0,0.0,0.0,66.42857,73.83367,0.0,69.54656,0.0,48.27586,0.0,59.50226,69.54314,0.0,0.0,68.13186,0.0,0.0,0.0,0.0,0.0,56.75675,64.51612,47.58064,0.0,86.92307,0.0,8.66141,0.0,64.91228,0.0,0.0,0.0,0.0,0.0,33.33333,0.0,57.32484,0.0,0.0,0.0,0.0,0.0,53.57142,0.0,60.68455,0.0,0.0,0.0,0.0,0.0,41.66666,46.15384,61.85567,0.0,52.0,0.0,38.09523,0.0,19.44444,0.0
31,97.98994,0.0,0.0,0.0,0.0,0.0,69.23076,0.0,0.0,0.0,0.0,0.0,64.56953,0.0,41.37931,0.0,32.65306,0.0,23.21428,0.0,50.0,0.0,0.0,0.0,48.27586,0.0,36.11111,0.0,52.79503,0.0,38.55656,0.0,0.0,0.0,12.93532,0.0,0.0,0.0,0.0,0.0,0.0,0.0,0.0,56.33802,35.1145,25.0,0.0,0.0,0.0,0.0,0.0,21.875,0.0,0.0,0.0,77.63328,0.0,0.0,0.0,0.0,59.12162,0.0,0.0,0.0,0.0,0.0,100.0,90.71465,0.0,0.0,52.63157,0.0,0.0,52.94117,0.0,0.0,0.0,77.83018,0.0,59.31677,0.0,62.03703,0.0,0.0,0.0,42.45283,0.0,23.80952,0.0,34.21052,0.0,0.0,0.0,52.69086,0.0,0.0,0.0,0.0,0.0,71.69811,0.0,0.0,0.0,0.0,0.0,0.0,0.0,0.0,0.0,53.2258,42.71356,6.15384,12.2807,0.0,0.0,37.32394,0.0,0.0,0.0,71.68949,0.0,0.0,0.0,0.0,0.0,64.00602,0.0,35.71428,0.0,0.0,0.0,0.0,0.0,24.01433,52.08333,0.0,0.0,100.0,0.0,0.0,15.01416,0.0,0.0,0.0,0.0,0.0,0.0,0.0,68.3908,0.0,0.0,82.19923,76.74418,0.0,21.97802,42.1875,0.0,0.0,32.46753,0.0,0.0,0.0,0.0,0.0,0.0,12.5,0.0,0.0,0.0,0.0,65.95238,59.63488,0.0,58.33333,0.0,32.75862,0.0,53.84615,65.48223,0.0,0.0,79.12087,0.0,0.0,0.0,0.0,0.0,53.4749,32.25806,45.96774,0.0,56.15384,0.0,11.02362,0.0,26.31578,0.0,0.0,0.0,0.0,0.0,38.88888,0.0,42.67515,0.0,0.0,0.0,37.03703,0.0,85.71428,0.0,62.62719,0.0,0.0,0.0,0.0,0.0,0.0,52.30769,45.36082,0.0,41.6,0.0,17.14285,0.0,38.88888,0.0
32,93.96984,0.0,0.0,0.0,0.0,0.0,50.0,0.0,0.0,0.0,0.0,0.0,56.95364,0.0,31.03448,0.0,66.76384,0.0,19.64285,0.0,35.15625,0.0,0.0,0.0,58.62068,0.0,47.22222,0.0,48.4472,0.0,46.16384,0.0,0.0,0.0,13.18407,0.0,0.0,0.0,0.0,0.0,0.0,0.0,0.0,57.74647,59.54198,20.83333,0.0,0.0,0.0,0.0,0.0,27.08333,0.0,0.0,0.0,73.99219,0.0,0.0,0.0,0.0,66.55405,0.0,0.0,0.0,0.0,0.0,78.73417,85.70683,0.0,0.0,36.8421,0.0,0.0,52.94117,0.0,0.0,0.0,69.33962,0.0,65.21739,0.0,61.11111,0.0,0.0,0.0,45.75471,0.0,100.0,0.0,21.05263,0.0,0.0,0.0,62.95369,0.0,0.0,0.0,0.0,0.0,66.03773,0.0,0.0,0.0,0.0,0.0,0.0,0.0,0.0,0.0,61.29032,56.53266,8.71794,6.43274,0.0,0.0,40.14084,0.0,0.0,0.0,56.84931,0.0,0.0,0.0,0.0,0.0,68.18524,0.0,50.0,0.0,0.0,0.0,0.0,0.0,20.07168,54.16666,0.0,0.0,24.24242,0.0,0.0,15.01416,0.0,0.0,0.0,0.0,0.0,0.0,0.0,59.77011,0.0,0.0,74.03375,69.76744,0.0,17.58241,45.3125,0.0,0.0,32.46753,0.0,0.0,0.0,0.0,0.0,0.0,16.66666,0.0,0.0,0.0,0.0,60.23809,58.07978,0.0,59.00735,0.0,18.96551,0.0,54.29864,74.61928,0.0,0.0,69.78021,0.0,0.0,0.0,0.0,0.0,44.78764,25.80645,63.70967,0.0,50.0,0.0,11.02362,0.0,50.87719,0.0,0.0,0.0,0.0,0.0,0.0,0.0,45.22292,0.0,0.0,0.0,48.14814,0.0,73.21428,0.0,72.52543,0.0,0.0,0.0,75.0,0.0,75.0,43.07692,54.63917,0.0,41.6,0.0,30.47619,0.0,36.11111,0.0
33,77.88944,0.0,0.0,0.0,0.0,0.0,50.0,0.0,0.0,0.0,0.0,0.0,56.62251,0.0,48.27586,0.0,100.0,0.0,32.14285,0.0,44.53125,0.0,0.0,0.0,56.03448,0.0,55.55555,0.0,36.64596,0.0,50.78023,0.0,0.0,0.0,23.38308,0.0,0.0,0.0,0.0,0.0,0.0,0.0,0.0,78.87323,48.0916,0.0,0.0,0.0,0.0,0.0,0.0,33.33333,0.0,35.71428,0.0,63.97919,0.0,0.0,0.0,0.0,65.87837,0.0,0.0,0.0,0.0,0.0,40.75949,78.14293,0.0,0.0,0.0,0.0,0.0,29.41176,0.0,0.0,0.0,63.91509,0.0,58.38509,0.0,47.22222,0.0,0.0,0.0,58.96226,0.0,61.90476,0.0,15.78947,0.0,0.0,0.0,67.95994,0.0,0.0,0.0,0.0,0.0,44.81132,0.0,0.0,0.0,0.0,0.0,0.0,0.0,0.0,0.0,33.87096,67.08542,5.64102,9.35672,0.0,0.0,37.32394,0.0,0.0,0.0,46.80365,0.0,0.0,0.0,0.0,0.0,86.67168,0.0,35.71428,0.0,0.0,0.0,0.0,0.0,12.90322,38.19444,0.0,0.0,0.0,0.0,0.0,13.59773,0.0,0.0,0.0,0.0,0.0,0.0,0.0,45.97701,0.0,0.0,62.54763,79.06976,0.0,25.27472,37.5,0.0,0.0,20.77922,0.0,0.0,0.0,66.66666,0.0,0.0,12.5,0.0,0.0,0.0,0.0,57.14285,61.66328,0.0,63.54166,0.0,31.03448,0.0,64.25339,60.40609,0.0,0.0,80.21978,0.0,0.0,0.0,0.0,0.0,49.22779,32.25806,60.48387,0.0,54.61538,0.0,7.87401,0.0,77.19298,0.0,0.0,0.0,0.0,0.0,0.0,0.0,35.03184,0.0,0.0,0.0,42.59259,0.0,78.57142,0.0,73.54301,0.0,0.0,0.0,50.0,0.0,0.0,47.17948,37.1134,0.0,53.6,0.0,20.95238,0.0,22.22222,0.0
34,80.40201,0.0,0.0,0.0,0.0,0.0,30.76923,0.0,0.0,0.0,0.0,0.0,71.19205,0.0,58.62068,0.0,89.79591,0.0,35.71428,0.0,46.875,0.0,0.0,0.0,56.03448,0.0,55.55555,0.0,40.99378,0.0,61.37841,0.0,0.0,0.0,13.43283,0.0,0.0,0.0,0.0,0.0,0.0,0.0,0.0,59.15492,33.58778,0.0,0.0,0.0,0.0,0.0,0.0,18.75,0.0,35.71428,0.0,60.3381,0.0,37.5,0.0,0.0,51.68918,31.25,0.0,0.0,0.0,0.0,43.41772,81.11632,0.0,0.0,0.0,0.0,0.0,52.94117,0.0,0.0,0.0,84.43396,0.0,74.53416,0.0,66.66666,0.0,0.0,0.0,65.56603,0.0,28.57142,0.0,39.47368,0.0,0.0,0.0,87.73466,0.0,0.0,0.0,0.0,0.0,54.24528,0.0,0.0,0.0,0.0,0.0,0.0,0.0,0.0,0.0,43.54838,38.56783,6.15384,7.01754,0.0,0.0,41.54929,0.0,0.0,0.0,55.47945,0.0,0.0,0.0,0.0,0.0,72.81626,0.0,35.71428,0.0,0.0,0.0,0.0,0.0,10.39426,58.33333,0.0,0.0,15.15151,0.0,0.0,11.04815,0.0,0.0,0.0,0.0,0.0,0.0,0.0,56.89655,0.0,0.0,64.67065,30.23255,0.0,16.48351,42.1875,0.0,0.0,25.97402,0.0,0.0,0.0,0.0,0.0,0.0,22.91666,0.0,0.0,0.0,0.0,61.90476,64.63826,0.0,73.59068,0.0,22.41379,0.0,69.00452,76.64974,0.0,0.0,78.57142,0.0,0.0,0.0,0.0,0.0,65.44401,25.80645,62.90322,0.0,72.30769,0.0,13.38582,0.0,57.89473,0.0,0.0,0.0,0.0,0.0,0.0,0.0,25.4777,0.0,0.0,0.0,33.33333,0.0,76.78571,0.0,81.31359,0.0,0.0,0.0,100.0,0.0,0.0,63.07692,52.57731,0.0,45.6,0.0,39.04761,0.0,36.11111,0.0
35,73.36683,0.0,0.0,0.0,0.0,0.0,26.92307,0.0,0.0,0.0,0.0,0.0,54.63576,0.0,68.96551,0.0,56.85131,0.0,20.53571,0.0,28.90625,0.0,0.0,0.0,55.17241,100.0,36.11111,0.0,45.03105,0.0,48.50455,0.0,0.0,0.0,14.67661,0.0,100.0,0.0,0.0,0.0,0.0,0.0,0.0,60.56338,29.77099,0.0,0.0,0.0,0.0,0.0,0.0,61.45833,0.0,42.85714,0.0,74.12223,0.0,21.875,0.0,0.0,56.08108,0.0,0.0,0.0,0.0,0.0,31.3924,83.20292,0.0,0.0,0.0,0.0,0.0,47.05882,0.0,0.0,0.0,87.61792,0.0,73.91304,0.0,53.7037,0.0,0.0,0.0,70.28301,0.0,57.14285,0.0,28.94736,0.0,0.0,0.0,59.44931,0.0,0.0,0.0,0.0,0.0,74.0566,0.0,0.0,0.0,0.0,0.0,0.0,0.0,0.0,0.0,45.16129,37.43718,9.23076,10.52631,0.0,11.36363,42.25352,0.0,0.0,0.0,66.43835,0.0,0.0,0.0,0.0,0.0,63.55421,0.0,0.0,0.0,0.0,0.0,0.0,0.0,16.12903,47.91666,0.0,0.0,15.15151,0.0,0.0,16.1473,0.0,0.0,0.0,0.0,0.0,0.0,0.0,52.87356,0.0,0.0,64.72509,44.18604,0.0,26.37362,35.9375,0.0,0.0,32.46753,0.0,0.0,0.0,0.0,0.0,0.0,19.44444,0.0,0.0,0.0,0.0,71.90476,60.7167,0.0,66.66666,0.0,37.93103,0.0,61.7647,92.38578,0.0,0.0,69.23076,0.0,0.0,0.0,0.0,0.0,66.60231,51.6129,48.38709,0.0,58.46153,0.0,5.51181,0.0,47.36842,0.0,0.0,0.0,0.0,0.0,0.0,0.0,36.94267,0.0,0.0,0.0,35.18518,0.0,66.07142,0.0,66.41998,0.0,0.0,0.0,0.0,0.0,83.33333,41.53846,37.1134,0.0,44.8,0.0,23.80952,0.0,16.66666,0.0
36,77.38693,0.0,0.0,0.0,0.0,0.0,50.0,0.0,0.0,0.0,0.0,0.0,45.03311,0.0,41.37931,0.0,28.86297,0.0,17.85714,0.0,33.59375,0.0,0.0,0.0,59.48275,0.0,50.0,0.0,36.95652,0.0,42.52275,0.0,0.0,0.0,8.95522,0.0,0.0,0.0,0.0,0.0,0.0,0.0,0.0,52.11267,42.74809,0.0,0.0,0.0,0.0,0.0,0.0,100.0,0.0,71.42857,0.0,86.86605,0.0,0.0,0.0,0.0,53.04054,31.25,75.0,0.0,0.0,0.0,7.21518,100.0,0.0,0.0,0.0,0.0,0.0,47.05882,0.0,0.0,0.0,100.0,0.0,60.24844,0.0,67.59259,0.0,0.0,0.0,57.07547,0.0,0.0,0.0,21.05263,0.0,0.0,0.0,52.69086,0.0,0.0,0.0,0.0,83.33333,80.66037,0.0,0.0,0.0,0.0,0.0,0.0,0.0,0.0,0.0,43.54838,47.3618,8.20512,4.67836,0.0,0.0,58.4507,0.0,0.0,0.0,79.68036,0.0,0.0,0.0,0.0,0.0,74.51054,0.0,0.0,0.0,100.0,0.0,0.0,0.0,63.44086,48.61111,0.0,0.0,18.18181,0.0,0.0,23.51274,0.0,0.0,0.0,0.0,0.0,0.0,0.0,12.64367,0.0,0.0,74.25149,39.53488,0.0,36.26373,59.375,0.0,0.0,35.06493,0.0,0.0,0.0,0.0,0.0,0.0,11.11111,0.0,0.0,0.0,0.0,72.38095,62.2718,0.0,69.66911,0.0,48.27586,0.0,56.10859,64.467,0.0,0.0,54.3956,0.0,0.0,0.0,0.0,0.0,68.14671,48.38709,36.29032,0.0,53.84615,0.0,3.937,0.0,82.45614,0.0,0.0,0.0,0.0,0.0,94.44444,0.0,28.66242,0.0,0.0,0.0,20.37037,0.0,55.35714,0.0,62.81221,0.0,0.0,0.0,0.0,0.0,58.33333,43.07692,38.14432,0.0,51.2,0.0,34.28571,0.0,50.0,0.0
37,75.87939,0.0,0.0,0.0,0.0,0.0,42.30769,0.0,0.0,0.0,0.0,0.0,55.29801,0.0,20.68965,0.0,25.94752,0.0,25.89285,0.0,49.21875,0.0,0.0,0.0,55.60344,0.0,30.55555,0.0,35.40372,0.0,44.40832,0.0,0.0,0.0,12.68656,0.0,0.0,0.0,0.0,0.0,0.0,0.0,0.0,73.23943,35.87786,0.0,0.0,0.0,0.0,0.0,0.0,47.91666,0.0,35.71428,0.0,76.20286,0.0,0.0,0.0,0.0,75.67567,0.0,0.0,0.0,0.0,0.0,16.45569,95.77464,20.0,0.0,26.31578,0.0,0.0,0.0,0.0,0.0,0.0,82.78301,0.0,44.09937,0.0,69.44444,0.0,0.0,0.0,50.94339,0.0,76.19047,0.0,0.0,0.0,0.0,0.0,60.3254,0.0,0.0,0.0,0.0,0.0,83.01886,0.0,0.0,0.0,0.0,0.0,0.0,50.0,0.0,0.0,58.06451,42.83919,6.66666,8.18713,0.0,0.0,60.56338,0.0,0.0,0.0,64.15525,0.0,0.0,0.0,0.0,0.0,62.83885,0.0,0.0,0.0,0.0,0.0,0.0,0.0,30.10752,57.63888,0.0,0.0,0.0,0.0,0.0,37.96033,0.0,0.0,0.0,0.0,0.0,0.0,0.0,13.21839,0.0,0.0,64.01741,53.48837,0.0,30.76923,43.75,0.0,0.0,16.88311,0.0,0.0,0.0,0.0,0.0,0.0,6.25,0.0,0.0,0.0,0.0,76.90476,77.01149,0.0,79.65686,0.0,22.41379,0.0,47.73755,75.1269,0.0,0.0,64.28571,0.0,0.0,0.0,0.0,0.0,66.02316,64.51612,44.35483,0.0,63.07692,0.0,5.51181,0.0,49.1228,0.0,0.0,0.0,0.0,0.0,0.0,0.0,24.84076,0.0,0.0,0.0,20.37037,0.0,41.07142,0.0,67.25254,0.0,0.0,0.0,0.0,0.0,66.66666,60.51282,50.51546,0.0,58.4,0.0,21.90476,0.0,63.88888,0.0
38,85.42713,0.0,0.0,0.0,0.0,0.0,57.6923,0.0,0.0,0.0,0.0,0.0,49.33774,0.0,48.27586,0.0,21.57434,0.0,20.53571,0.0,42.96875,0.0,0.0,0.0,51.72413,0.0,52.77777,0.0,45.03105,0.0,44.14824,0.0,0.0,0.0,16.91542,0.0,0.0,0.0,0.0,0.0,0.0,0.0,0.0,69.01408,38.16793,0.0,0.0,0.0,0.0,0.0,0.0,30.20833,0.0,0.0,0.0,68.14044,0.0,15.625,0.0,0.0,64.52702,43.75,0.0,0.0,0.0,0.0,4.68354,82.73343,0.0,0.0,47.36842,0.0,0.0,64.70588,0.0,0.0,0.0,58.60849,0.0,52.79503,0.0,60.18518,0.0,0.0,0.0,45.75471,0.0,23.80952,0.0,15.78947,0.0,0.0,0.0,53.19148,0.0,0.0,0.0,0.0,0.0,84.90566,0.0,0.0,0.0,0.0,0.0,0.0,0.0,0.0,0.0,40.32258,44.2211,7.17948,7.01754,0.0,0.0,47.88732,0.0,0.0,0.0,63.47031,0.0,0.0,0.0,0.0,0.0,63.17771,0.0,0.0,0.0,0.0,0.0,0.0,0.0,21.50537,29.86111,0.0,0.0,0.0,0.0,0.0,58.92351,0.0,0.0,0.0,0.0,0.0,0.0,0.0,32.75862,0.0,0.0,65.75939,41.86046,0.0,24.17582,50.0,0.0,0.0,16.88311,0.0,0.0,0.0,0.0,0.0,0.0,11.80555,0.0,0.0,0.0,0.0,72.61904,57.60649,0.0,61.58088,0.0,41.37931,0.0,63.8009,84.26395,0.0,0.0,73.62637,0.0,0.0,0.0,0.0,0.0,60.23166,51.6129,62.90322,0.0,66.92307,0.0,6.29921,0.0,57.89473,0.0,0.0,0.0,0.0,0.0,0.0,0.0,29.9363,0.0,0.0,0.0,18.51851,0.0,58.92857,0.0,67.80758,0.0,0.0,0.0,41.66666,0.0,0.0,40.51282,54.63917,0.0,29.6,0.0,33.33333,0.0,72.22222,0.0
39,87.93969,0.0,0.0,0.0,0.0,0.0,76.92307,0.0,0.0,0.0,0.0,0.0,57.28476,0.0,65.51724,0.0,22.15743,0.0,39.28571,0.0,28.90625,0.0,0.0,0.0,70.25862,0.0,77.77777,0.0,36.02484,0.0,59.42782,0.0,0.0,0.0,20.14925,0.0,0.0,0.0,0.0,0.0,0.0,0.0,0.0,59.15492,38.16793,0.0,0.0,0.0,0.0,0.0,0.0,17.70833,0.0,0.0,0.0,63.71911,0.0,0.0,0.0,0.0,60.47297,0.0,0.0,0.0,0.0,0.0,4.68354,85.446,0.0,0.0,0.0,0.0,0.0,0.0,0.0,0.0,0.0,50.47169,0.0,46.58385,0.0,78.7037,0.0,0.0,0.0,41.98113,0.0,28.57142,0.0,28.94736,0.0,0.0,0.0,76.97121,0.0,0.0,0.0,0.0,0.0,90.09433,0.0,0.0,0.0,0.0,0.0,0.0,0.0,0.0,0.0,64.51612,31.40703,5.64102,0.0,0.0,0.0,49.29577,0.0,0.0,0.0,58.9041,0.0,0.0,0.0,0.0,0.0,71.00903,0.0,0.0,0.0,0.0,0.0,0.0,0.0,16.48745,40.97222,0.0,0.0,0.0,0.0,0.0,61.47308,0.0,0.0,0.0,0.0,0.0,0.0,0.0,17.24137,0.0,0.0,60.64235,39.53488,0.0,43.95604,40.625,0.0,0.0,15.58441,0.0,0.0,0.0,0.0,0.0,0.0,4.16666,0.0,0.0,0.0,0.0,67.85714,55.57809,0.0,63.60294,0.0,48.27586,0.0,52.26244,73.60406,0.0,0.0,62.08791,0.0,0.0,0.0,0.0,0.0,54.2471,35.48387,58.87096,0.0,72.30769,0.0,6.29921,0.0,84.21052,0.0,0.0,0.0,0.0,0.0,0.0,0.0,26.75159,0.0,0.0,0.0,14.81481,0.0,64.28571,0.0,85.47641,0.0,0.0,0.0,41.66666,0.0,50.0,52.82051,56.70103,0.0,48.8,0.0,30.47619,0.0,100.0,0.0
40,80.90452,0.0,0.0,0.0,0.0,0.0,42.30769,0.0,0.0,0.0,0.0,0.0,53.31125,0.0,62.06896,0.0,38.77551,0.0,25.0,0.0,42.96875,0.0,0.0,0.0,70.68965,0.0,63.88888,0.0,38.81987,0.0,58.19245,0.0,0.0,0.0,11.44278,0.0,0.0,0.0,0.0,0.0,0.0,0.0,0.0,63.38028,39.69465,0.0,0.0,0.0,0.0,0.0,0.0,23.95833,0.0,0.0,0.0,61.50845,0.0,15.625,0.0,0.0,57.43243,0.0,0.0,0.0,0.0,0.0,6.58227,78.0386,0.0,0.0,0.0,0.0,0.0,52.94117,0.0,0.0,0.0,42.3349,0.0,65.21739,0.0,100.0,0.0,0.0,0.0,73.5849,0.0,38.09523,0.0,28.94736,0.0,0.0,0.0,83.22903,0.0,0.0,0.0,0.0,0.0,89.15094,0.0,0.0,0.0,0.0,0.0,0.0,0.0,0.0,0.0,82.25806,34.42211,7.17948,2.92397,0.0,0.0,52.8169,0.0,0.0,0.0,42.46575,0.0,0.0,0.0,0.0,0.0,78.68975,0.0,50.0,0.0,0.0,0.0,0.0,0.0,16.48745,44.44444,0.0,0.0,0.0,0.0,0.0,64.30594,0.0,0.0,0.0,0.0,0.0,0.0,0.0,4.5977,0.0,0.0,48.33968,67.44186,0.0,47.25274,57.8125,0.0,0.0,28.57142,0.0,0.0,0.0,0.0,0.0,0.0,4.86111,0.0,0.0,0.0,0.0,62.38095,68.08654,0.0,71.01715,0.0,67.24137,0.0,61.53846,73.09644,0.0,0.0,68.68131,0.0,0.0,0.0,0.0,0.0,70.07722,48.38709,54.8387,0.0,66.92307,0.0,4.7244,0.0,100.0,0.0,0.0,0.0,0.0,0.0,0.0,0.0,22.92993,0.0,0.0,0.0,24.07407,0.0,46.42857,0.0,94.17206,0.0,0.0,0.0,0.0,0.0,0.0,64.61538,65.97938,0.0,56.0,0.0,20.0,0.0,66.66666,0.0
41,76.88442,0.0,0.0,0.0,0.0,0.0,46.15384,0.0,0.0,0.0,0.0,0.0,45.69536,0.0,34.48275,0.0,17.20116,0.0,29.46428,0.0,51.5625,0.0,0.0,0.0,59.48275,0.0,30.55555,0.0,40.37267,0.0,52.40572,0.0,0.0,0.0,13.18407,0.0,0.0,0.0,0.0,0.0,0.0,0.0,0.0,60.56338,28.24427,0.0,0.0,0.0,0.0,0.0,0.0,63.54166,0.0,35.71428,0.0,59.42782,0.0,0.0,0.0,0.0,55.06756,0.0,0.0,0.0,0.0,0.0,2.91139,78.9254,0.0,0.0,0.0,0.0,0.0,52.94117,0.0,0.0,0.0,54.95283,0.0,69.87577,0.0,55.55555,0.0,0.0,0.0,69.81132,0.0,23.80952,0.0,55.26315,0.0,0.0,0.0,65.08135,0.0,0.0,0.0,0.0,0.0,70.75471,0.0,0.0,0.0,0.0,0.0,0.0,0.0,0.0,0.0,56.45161,36.05527,6.66666,6.43274,0.0,0.0,50.70422,0.0,0.0,0.0,60.27397,0.0,0.0,0.0,0.0,0.0,80.68524,0.0,57.14285,0.0,0.0,0.0,0.0,0.0,15.7706,34.02777,0.0,0.0,0.0,0.0,0.0,54.39093,0.0,0.0,0.0,0.0,0.0,0.0,0.0,2.87356,0.0,0.0,47.08764,53.48837,0.0,39.56043,45.3125,0.0,0.0,23.37662,0.0,0.0,0.0,0.0,0.0,0.0,9.72222,0.0,0.0,0.0,0.0,77.38095,64.97633,0.0,76.22549,0.0,44.82758,0.0,66.96832,87.81725,0.0,0.0,56.04395,0.0,0.0,0.0,0.0,0.0,73.93822,54.8387,55.64516,0.0,46.92307,0.0,3.937,0.0,71.92982,0.0,0.0,0.0,0.0,0.0,0.0,0.0,24.84076,0.0,0.0,0.0,12.96296,0.0,41.07142,0.0,74.7456,0.0,0.0,0.0,75.0,0.0,100.0,74.35897,45.36082,0.0,43.2,0.0,25.71428,0.0,66.66666,0.0
42,61.80904,0.0,0.0,0.0,0.0,0.0,42.30769,0.0,0.0,0.0,0.0,0.0,48.67549,0.0,51.72413,0.0,19.24198,0.0,32.14285,0.0,48.4375,0.0,0.0,0.0,62.5,0.0,33.33333,0.0,32.29813,0.0,49.0247,0.0,0.0,0.0,9.70149,0.0,0.0,0.0,0.0,0.0,0.0,0.0,0.0,76.05633,20.61068,0.0,0.0,0.0,0.0,0.0,0.0,38.54166,0.0,85.71428,0.0,83.22496,0.0,0.0,0.0,0.0,60.81081,0.0,0.0,0.0,0.0,0.0,5.44303,96.03547,0.0,0.0,0.0,0.0,0.0,35.29411,0.0,0.0,0.0,58.96226,0.0,67.70186,0.0,68.51851,0.0,0.0,0.0,45.75471,0.0,33.33333,0.0,100.0,0.0,0.0,0.0,64.45556,0.0,0.0,0.0,0.0,0.0,70.75471,0.0,0.0,0.0,0.0,0.0,0.0,0.0,0.0,0.0,72.58064,36.1809,7.17948,12.2807,0.0,0.0,59.15492,0.0,0.0,0.0,80.36529,0.0,0.0,0.0,0.0,0.0,64.79668,0.0,0.0,0.0,0.0,0.0,0.0,0.0,21.50537,39.58333,0.0,0.0,0.0,0.0,0.0,47.59206,0.0,0.0,0.0,0.0,0.0,0.0,0.0,2.87356,0.0,0.0,63.41861,34.88372,0.0,37.36263,53.125,0.0,0.0,25.97402,0.0,0.0,0.0,0.0,0.0,0.0,6.25,0.0,0.0,0.0,0.0,68.80952,55.84854,0.0,66.05392,0.0,24.13793,0.0,60.63348,71.5736,0.0,0.0,70.87912,0.0,0.0,0.0,0.0,0.0,70.84942,51.6129,44.35483,0.0,62.30769,0.0,0.0,0.0,82.45614,0.0,0.0,0.0,0.0,0.0,0.0,0.0,27.38853,0.0,0.0,0.0,11.11111,0.0,76.78571,0.0,75.48566,0.0,0.0,0.0,41.66666,0.0,91.66666,62.5641,50.51546,0.0,19.2,0.0,11.42857,0.0,66.66666,0.0
43,50.75376,0.0,0.0,0.0,0.0,0.0,61.53846,0.0,0.0,0.0,0.0,0.0,50.0,0.0,20.68965,0.0,16.90962,0.0,41.07142,0.0,39.84375,0.0,0.0,0.0,70.25862,0.0,55.55555,0.0,27.32919,0.0,76.39791,0.0,0.0,0.0,10.69651,0.0,0.0,0.0,0.0,0.0,0.0,0.0,0.0,78.87323,40.45801,0.0,0.0,0.0,0.0,0.0,0.0,31.25,0.0,0.0,0.0,68.53055,0.0,0.0,0.0,0.0,74.66216,0.0,0.0,0.0,0.0,0.0,5.56962,99.8435,0.0,0.0,0.0,0.0,0.0,100.0,0.0,0.0,0.0,52.24056,0.0,47.20496,0.0,58.33333,0.0,0.0,0.0,59.43396,0.0,23.80952,0.0,71.05263,0.0,0.0,0.0,67.20901,0.0,0.0,0.0,0.0,0.0,81.60377,0.0,0.0,0.0,0.0,0.0,0.0,41.66666,0.0,0.0,64.51612,29.64824,7.6923,11.11111,0.0,0.0,52.11267,0.0,0.0,0.0,64.61187,0.0,0.0,0.0,0.0,0.0,66.30271,0.0,0.0,0.0,0.0,0.0,0.0,0.0,18.99641,43.75,0.0,0.0,0.0,0.0,0.0,47.59206,0.0,0.0,0.0,0.0,0.0,0.0,0.0,0.0,0.0,0.0,65.54164,62.79069,0.0,68.13186,59.375,0.0,0.0,24.67532,0.0,0.0,0.0,55.55555,0.0,0.0,10.41666,0.0,0.0,0.0,0.0,73.57142,67.95131,0.0,73.65196,0.0,29.31034,0.0,82.35294,71.06598,0.0,0.0,67.03296,0.0,0.0,0.0,0.0,0.0,74.32432,41.93548,51.6129,0.0,49.23076,0.0,3.937,0.0,70.17543,0.0,0.0,0.0,0.0,0.0,0.0,0.0,32.48407,0.0,0.0,0.0,0.0,0.0,62.5,0.0,69.56521,0.0,0.0,0.0,0.0,0.0,66.66666,71.79487,55.6701,0.0,24.0,0.0,23.80952,0.0,38.88888,0.0
44,77.88944,0.0,0.0,0.0,0.0,0.0,100.0,0.0,0.0,0.0,0.0,0.0,54.96688,0.0,31.03448,0.0,20.40816,0.0,41.96428,0.0,53.125,0.0,0.0,0.0,93.53448,0.0,41.66666,0.0,28.26086,0.0,63.0039,0.0,0.0,0.0,10.94527,0.0,0.0,0.0,0.0,0.0,0.0,0.0,0.0,73.23943,28.24427,20.83333,0.0,0.0,0.0,0.0,0.0,21.875,0.0,0.0,0.0,62.28868,0.0,0.0,0.0,0.0,82.43243,0.0,0.0,0.0,0.0,0.0,6.58227,95.82681,0.0,0.0,0.0,0.0,0.0,82.35294,0.0,0.0,0.0,46.34433,0.0,46.8944,0.0,53.7037,0.0,0.0,0.0,61.32075,0.0,0.0,0.0,78.94736,0.0,0.0,0.0,70.9637,0.0,0.0,0.0,0.0,0.0,76.41509,0.0,0.0,0.0,0.0,0.0,0.0,0.0,0.0,0.0,70.96774,30.65326,10.76923,4.67836,0.0,0.0,45.77464,0.0,0.0,0.0,63.242,0.0,0.0,0.0,0.0,0.0,73.94578,0.0,57.14285,0.0,0.0,0.0,0.0,0.0,15.7706,38.19444,0.0,0.0,0.0,0.0,0.0,50.70821,0.0,0.0,0.0,0.0,0.0,0.0,0.0,3.44827,0.0,0.0,61.73108,67.44186,0.0,50.54945,45.3125,0.0,0.0,27.27272,0.0,0.0,0.0,0.0,0.0,0.0,52.08333,0.0,0.0,0.0,0.0,67.85714,55.51048,0.0,62.2549,0.0,31.03448,0.0,60.85972,55.32994,0.0,0.0,92.85714,0.0,0.0,0.0,0.0,0.0,58.4942,25.80645,54.03225,0.0,60.76923,0.0,4.7244,0.0,56.14035,0.0,0.0,0.0,0.0,0.0,0.0,0.0,22.29299,0.0,0.0,0.0,14.81481,0.0,76.78571,0.0,75.30064,0.0,0.0,0.0,0.0,0.0,66.66666,75.89743,54.63917,0.0,29.6,0.0,16.19047,0.0,61.11111,0.0
45,100.0,0.0,0.0,0.0,0.0,0.0,73.07692,0.0,0.0,0.0,0.0,0.0,52.98013,0.0,34.48275,0.0,18.36734,0.0,38.39285,0.0,86.71875,0.0,0.0,0.0,75.43103,0.0,61.11111,0.0,27.32919,0.0,100.0,0.0,0.0,0.0,100.0,0.0,0.0,0.0,0.0,0.0,0.0,0.0,0.0,87.32394,35.1145,0.0,0.0,0.0,0.0,0.0,0.0,22.91666,0.0,0.0,0.0,64.23927,0.0,0.0,0.0,0.0,64.86486,31.25,0.0,0.0,0.0,0.0,3.92405,88.68022,0.0,0.0,0.0,0.0,0.0,76.47058,0.0,0.0,0.0,39.74056,0.0,49.68944,0.0,67.59259,0.0,0.0,0.0,65.56603,0.0,0.0,0.0,47.36842,0.0,0.0,0.0,63.32916,0.0,0.0,0.0,0.0,0.0,100.0,0.0,0.0,0.0,0.0,0.0,0.0,0.0,0.0,0.0,43.54838,31.53266,6.66666,4.67836,0.0,0.0,44.36619,0.0,0.0,0.0,48.85844,0.0,0.0,0.0,0.0,0.0,64.60843,0.0,35.71428,0.0,0.0,0.0,0.0,0.0,11.11111,46.52777,0.0,0.0,0.0,0.0,0.0,41.92634,0.0,0.0,0.0,0.0,0.0,0.0,0.0,9.1954,0.0,0.0,59.93467,51.16279,0.0,62.63736,71.875,0.0,0.0,12.98701,0.0,0.0,0.0,0.0,0.0,0.0,13.19444,0.0,0.0,0.0,0.0,55.0,54.02298,0.0,60.60049,0.0,27.5862,0.0,61.99095,84.77157,0.0,0.0,79.12087,0.0,0.0,0.0,0.0,0.0,49.61389,25.80645,52.41935,0.0,58.46153,0.0,3.937,0.0,77.19298,0.0,0.0,0.0,0.0,0.0,0.0,0.0,17.83439,0.0,0.0,0.0,0.0,0.0,76.78571,0.0,91.02682,0.0,0.0,0.0,41.66666,0.0,41.66666,74.87179,52.57731,0.0,10.4,0.0,12.38095,0.0,19.44444,0.0
46,81.90954,0.0,0.0,0.0,0.0,0.0,53.84615,0.0,0.0,0.0,0.0,0.0,36.09271,0.0,37.93103,0.0,11.07871,0.0,46.42857,0.0,99.21875,0.0,0.0,0.0,89.22413,0.0,66.66666,0.0,20.49689,0.0,98.50455,0.0,0.0,0.0,19.65174,0.0,0.0,0.0,0.0,0.0,0.0,0.0,0.0,100.0,29.00763,0.0,0.0,0.0,0.0,0.0,0.0,27.08333,0.0,0.0,0.0,55.0065,0.0,0.0,0.0,0.0,60.81081,0.0,0.0,0.0,0.0,0.0,3.79746,84.82003,0.0,0.0,0.0,0.0,0.0,0.0,0.0,0.0,0.0,33.37264,0.0,41.6149,0.0,54.62962,0.0,0.0,0.0,60.37735,0.0,28.57142,0.0,57.89473,0.0,0.0,0.0,80.22528,0.0,0.0,0.0,0.0,0.0,85.37735,0.0,0.0,0.0,0.0,0.0,0.0,58.33333,0.0,0.0,50.0,27.38693,6.66666,3.50877,0.0,0.0,50.70422,0.0,0.0,0.0,53.88127,0.0,0.0,0.0,0.0,0.0,77.82379,0.0,0.0,0.0,0.0,0.0,0.0,0.0,8.24372,43.75,0.0,0.0,0.0,0.0,0.0,66.85552,0.0,0.0,0.0,0.0,0.0,0.0,0.0,0.0,0.0,0.0,58.13826,60.46511,0.0,69.23076,67.1875,0.0,0.0,16.88311,0.0,0.0,0.0,0.0,0.0,0.0,13.88888,0.0,0.0,0.0,0.0,65.23809,50.50709,0.0,62.99019,0.0,37.93103,0.0,53.16742,62.94416,0.0,0.0,82.41758,0.0,0.0,0.0,0.0,0.0,46.91119,16.12903,58.06451,0.0,36.15384,0.0,5.51181,0.0,52.63157,0.0,0.0,0.0,0.0,0.0,0.0,0.0,20.38216,0.0,0.0,0.0,11.11111,0.0,75.0,0.0,94.44958,0.0,0.0,0.0,0.0,0.0,91.66666,63.58974,74.2268,0.0,24.8,0.0,14.28571,0.0,50.0,0.0
47,67.83919,0.0,0.0,0.0,0.0,0.0,46.15384,0.0,0.0,0.0,0.0,0.0,36.42384,0.0,41.37931,0.0,20.6997,0.0,50.89285,0.0,79.6875,0.0,0.0,0.0,100.0,0.0,100.0,0.0,24.2236,0.0,83.22496,0.0,0.0,0.0,18.1592,0.0,0.0,0.0,0.0,0.0,0.0,0.0,0.0,66.19718,32.06106,0.0,0.0,0.0,0.0,0.0,0.0,29.16666,0.0,0.0,0.0,48.76462,0.0,0.0,0.0,0.0,62.16216,0.0,0.0,0.0,0.0,0.0,3.67088,70.10954,0.0,0.0,0.0,0.0,0.0,58.82352,0.0,0.0,0.0,30.7783,0.0,43.1677,0.0,89.81481,0.0,0.0,0.0,83.96226,0.0,47.61904,0.0,47.36842,0.0,0.0,0.0,83.47934,0.0,0.0,0.0,0.0,0.0,70.75471,0.0,0.0,0.0,0.0,0.0,0.0,0.0,0.0,0.0,77.41935,27.01005,8.20512,6.43274,0.0,0.0,53.52112,0.0,0.0,0.0,54.79452,0.0,0.0,0.0,0.0,0.0,83.77259,0.0,0.0,0.0,0.0,0.0,0.0,0.0,11.46953,31.94444,0.0,0.0,0.0,0.0,0.0,100.0,0.0,0.0,0.0,0.0,0.0,0.0,0.0,0.0,0.0,0.0,53.51115,55.81395,0.0,73.62637,60.9375,0.0,0.0,20.77922,0.0,0.0,0.0,55.55555,0.0,0.0,9.72222,0.0,0.0,0.0,0.0,70.71428,61.12237,0.0,67.95343,0.0,51.72413,0.0,67.8733,66.49746,0.0,0.0,64.83516,0.0,0.0,0.0,0.0,0.0,53.0888,35.48387,56.45161,0.0,59.23076,0.0,3.937,0.0,85.96491,0.0,0.0,0.0,0.0,0.0,0.0,0.0,14.01273,0.0,0.0,0.0,20.37037,0.0,75.0,0.0,100.0,0.0,0.0,0.0,66.66666,0.0,58.33333,80.51282,100.0,0.0,40.0,0.0,18.09523,0.0,30.55555,0.0
48,57.28643,0.0,0.0,0.0,0.0,0.0,42.30769,0.0,0.0,0.0,0.0,0.0,36.75496,0.0,51.72413,0.0,17.49271,0.0,36.60714,0.0,78.125,0.0,0.0,0.0,81.03448,0.0,44.44444,0.0,30.12422,0.0,65.14954,0.0,0.0,0.0,11.19402,0.0,0.0,0.0,0.0,0.0,0.0,0.0,0.0,73.23943,25.19083,0.0,0.0,0.0,0.0,0.0,0.0,61.45833,0.0,0.0,0.0,50.58517,0.0,0.0,0.0,0.0,48.31081,31.25,0.0,0.0,0.0,0.0,1.3924,70.52686,0.0,0.0,0.0,0.0,0.0,100.0,0.0,0.0,0.0,33.72641,0.0,64.90683,0.0,75.92592,0.0,0.0,0.0,93.39622,0.0,47.61904,0.0,60.52631,0.0,0.0,0.0,62.82853,0.0,0.0,0.0,0.0,0.0,94.81132,0.0,0.0,0.0,0.0,0.0,0.0,0.0,0.0,0.0,61.29032,28.89447,16.41025,8.77192,0.0,0.0,83.80281,0.0,0.0,0.0,65.98173,0.0,0.0,0.0,0.0,0.0,67.28162,0.0,0.0,0.0,0.0,0.0,0.0,0.0,12.90322,49.30555,0.0,0.0,0.0,0.0,0.0,86.96883,0.0,0.0,0.0,0.0,0.0,0.0,0.0,0.0,0.0,0.0,56.23298,48.8372,0.0,58.24175,70.3125,0.0,0.0,15.58441,0.0,0.0,0.0,0.0,0.0,0.0,7.63888,0.0,0.0,0.0,0.0,72.14285,64.09736,0.0,69.17892,0.0,32.75862,0.0,61.31221,88.83248,0.0,0.0,71.42857,0.0,0.0,0.0,0.0,0.0,70.07722,48.38709,58.87096,0.0,52.30769,0.0,5.51181,0.0,47.36842,0.0,0.0,0.0,0.0,0.0,0.0,0.0,22.92993,0.0,0.0,0.0,0.0,0.0,73.21428,0.0,77.24329,0.0,0.0,0.0,50.0,0.0,0.0,75.89743,68.04123,0.0,24.8,0.0,8.57142,0.0,25.0,0.0
49,72.3618,0.0,0.0,0.0,0.0,0.0,34.61538,0.0,0.0,0.0,0.0,0.0,27.15231,0.0,34.48275,0.0,16.61807,0.0,25.89285,0.0,45.3125,0.0,0.0,0.0,70.68965,0.0,52.77777,0.0,32.91925,0.0,54.74642,0.0,0.0,0.0,12.43781,0.0,0.0,0.0,0.0,0.0,0.0,0.0,0.0,54.92957,20.61068,0.0,0.0,0.0,0.0,0.0,0.0,41.66666,0.0,35.71428,0.0,62.80884,0.0,25.0,0.0,0.0,59.12162,37.5,0.0,0.0,0.0,0.0,1.13924,86.33281,0.0,0.0,0.0,0.0,0.0,47.05882,0.0,0.0,0.0,41.15566,0.0,53.41614,0.0,56.48148,0.0,0.0,0.0,67.45283,0.0,47.61904,0.0,68.42105,0.0,0.0,0.0,64.70588,0.0,0.0,0.0,0.0,0.0,73.5849,0.0,0.0,0.0,0.0,0.0,0.0,0.0,0.0,0.0,48.38709,23.74371,29.23076,5.26315,0.0,0.0,65.49295,0.0,0.0,0.0,84.9315,0.0,0.0,0.0,0.0,0.0,81.06174,0.0,0.0,0.0,83.33333,0.0,0.0,0.0,18.27956,40.97222,0.0,0.0,0.0,0.0,0.0,85.5524,0.0,0.0,0.0,0.0,0.0,0.0,0.0,0.0,0.0,0.0,68.69896,23.25581,0.0,76.92307,79.6875,0.0,0.0,28.57142,0.0,0.0,0.0,0.0,0.0,0.0,9.72222,0.0,0.0,0.0,0.0,65.0,66.39621,0.0,75.30637,0.0,43.10344,0.0,58.14479,66.49746,0.0,0.0,62.08791,0.0,0.0,0.0,0.0,0.0,52.7027,35.48387,44.35483,0.0,45.38461,0.0,0.0,0.0,45.61403,0.0,0.0,0.0,0.0,0.0,0.0,0.0,28.02547,0.0,0.0,0.0,16.66666,0.0,85.71428,0.0,76.68825,0.0,0.0,0.0,0.0,0.0,66.66666,68.20512,69.07216,0.0,21.6,0.0,8.57142,0.0,33.33333,0.0
50,57.78894,0.0,0.0,0.0,0.0,0.0,30.76923,0.0,0.0,0.0,0.0,0.0,19.53642,0.0,65.51724,0.0,25.65597,0.0,18.75,0.0,52.34375,0.0,0.0,0.0,79.74137,0.0,80.55555,0.0,22.36024,0.0,51.04031,0.0,0.0,0.0,10.44776,0.0,0.0,0.0,0.0,0.0,0.0,0.0,0.0,70.42253,27.48091,0.0,0.0,0.0,0.0,0.0,0.0,32.29166,0.0,50.0,0.0,56.95708,0.0,15.625,0.0,0.0,60.47297,31.25,75.0,0.0,0.0,0.0,1.89873,82.7856,0.0,0.0,0.0,0.0,0.0,47.05882,0.0,0.0,0.0,34.19811,0.0,44.09937,0.0,52.77777,0.0,0.0,0.0,55.18867,0.0,23.80952,0.0,47.36842,0.0,0.0,0.0,60.3254,0.0,0.0,0.0,0.0,0.0,74.0566,0.0,0.0,0.0,0.0,0.0,0.0,0.0,0.0,0.0,58.06451,23.49246,16.92307,8.18713,0.0,0.0,54.22535,0.0,0.0,0.0,61.41552,0.0,0.0,0.0,0.0,0.0,63.36596,0.0,0.0,0.0,0.0,0.0,0.0,0.0,21.14695,31.94444,0.0,0.0,15.15151,0.0,0.0,68.83852,0.0,0.0,0.0,0.0,0.0,0.0,0.0,3.44827,0.0,0.0,70.60424,48.8372,0.0,75.82417,65.625,0.0,0.0,22.07792,0.0,0.0,0.0,0.0,0.0,0.0,6.25,0.0,0.0,0.0,0.0,61.90476,62.60987,0.0,66.85049,0.0,37.93103,0.0,50.0,79.69543,0.0,0.0,85.71428,0.0,0.0,0.0,0.0,0.0,75.67567,83.87096,49.19354,0.0,36.15384,0.0,0.0,0.0,96.49122,0.0,0.0,0.0,0.0,0.0,33.33333,0.0,22.29299,0.0,0.0,0.0,0.0,0.0,60.71428,0.0,72.52543,0.0,0.0,0.0,0.0,0.0,58.33333,67.6923,52.57731,0.0,24.0,0.0,11.42857,0.0,16.66666,0.0
51,70.35175,0.0,0.0,0.0,0.0,0.0,42.30769,0.0,0.0,0.0,0.0,0.0,34.76821,0.0,100.0,0.0,21.28279,0.0,27.67857,0.0,53.125,0.0,83.33333,0.0,75.0,0.0,72.22222,0.0,23.91304,0.0,54.81144,0.0,0.0,0.0,13.43283,0.0,0.0,0.0,0.0,0.0,0.0,0.0,0.0,76.05633,29.77099,0.0,0.0,0.0,0.0,0.0,0.0,32.29166,0.0,0.0,0.0,55.26657,0.0,0.0,0.0,0.0,67.56756,0.0,0.0,0.0,0.0,0.0,4.55696,75.0652,16.66666,0.0,0.0,0.0,0.0,76.47058,0.0,0.0,0.0,27.71226,0.0,60.86956,0.0,62.03703,0.0,0.0,0.0,56.13207,0.0,38.09523,0.0,50.0,0.0,0.0,0.0,55.56946,0.0,0.0,0.0,0.0,0.0,71.22641,0.0,0.0,0.0,0.0,0.0,0.0,0.0,0.0,0.0,50.0,26.3819,13.84615,3.50877,0.0,0.0,73.23943,0.0,0.0,0.0,57.53424,0.0,0.0,0.0,0.0,0.0,59.48795,0.0,0.0,0.0,0.0,0.0,0.0,0.0,25.0896,40.27777,0.0,0.0,18.18181,0.0,0.0,68.55524,0.0,0.0,0.0,0.0,0.0,0.0,0.0,4.02298,0.0,0.0,67.66467,51.16279,0.0,60.43956,75.0,0.0,0.0,14.28571,0.0,0.0,0.0,0.0,0.0,0.0,10.41666,0.0,0.0,0.0,0.0,63.09523,56.59229,0.0,63.35784,0.0,34.48275,0.0,64.47963,96.4467,0.0,0.0,86.26373,0.0,0.0,0.0,0.0,0.0,56.37065,51.6129,38.70967,0.0,46.92307,0.0,0.0,0.0,71.92982,0.0,0.0,0.0,0.0,0.0,27.77777,0.0,36.30573,0.0,0.0,0.0,11.11111,0.0,48.21428,0.0,68.45513,0.0,0.0,0.0,0.0,0.0,41.66666,75.38461,68.04123,0.0,33.6,0.0,9.5238,0.0,22.22222,0.0
52,83.91959,0.0,0.0,0.0,0.0,0.0,46.15384,0.0,0.0,0.0,0.0,0.0,38.41059,0.0,58.62068,0.0,25.07288,0.0,35.71428,0.0,78.125,0.0,0.0,0.0,70.68965,0.0,66.66666,0.0,22.98136,0.0,51.82054,0.0,0.0,0.0,19.90049,0.0,0.0,0.0,0.0,0.0,0.0,0.0,0.0,83.09859,28.24427,0.0,0.0,0.0,0.0,0.0,0.0,13.54166,0.0,0.0,0.0,51.49544,0.0,18.75,0.0,0.0,56.08108,0.0,100.0,0.0,0.0,0.0,2.78481,72.14397,0.0,0.0,0.0,0.0,0.0,0.0,0.0,0.0,0.0,23.23113,0.0,37.88819,0.0,52.77777,0.0,0.0,0.0,57.07547,0.0,57.14285,0.0,44.73684,0.0,0.0,0.0,60.3254,0.0,0.0,0.0,0.0,0.0,71.69811,0.0,0.0,0.0,0.0,0.0,0.0,0.0,0.0,0.0,35.48387,24.1206,7.17948,0.0,0.0,0.0,66.19718,0.0,0.0,0.0,56.16438,0.0,0.0,0.0,0.0,0.0,57.04066,0.0,0.0,0.0,0.0,0.0,0.0,0.0,16.48745,40.27777,0.0,0.0,18.18181,0.0,0.0,60.05665,0.0,0.0,0.0,0.0,0.0,0.0,0.0,0.0,0.0,0.0,65.21502,55.81395,0.0,62.63736,53.125,0.0,0.0,35.06493,0.0,0.0,0.0,55.55555,0.0,0.0,6.94444,0.0,0.0,0.0,0.0,56.19047,52.94117,0.0,59.62009,0.0,39.65517,0.0,52.71493,75.63451,0.0,0.0,69.78021,0.0,0.0,0.0,0.0,0.0,49.42084,38.70967,49.19354,0.0,59.23076,0.0,0.0,0.0,87.71929,0.0,0.0,0.0,0.0,0.0,38.88888,0.0,26.75159,0.0,0.0,0.0,11.11111,0.0,69.64285,0.0,69.01017,0.0,0.0,0.0,0.0,0.0,0.0,78.46153,88.65979,0.0,22.4,0.0,17.14285,0.0,25.0,0.0
53,65.82914,0.0,0.0,0.0,0.0,0.0,76.92307,0.0,0.0,0.0,0.0,0.0,28.14569,0.0,89.65517,0.0,27.69679,0.0,25.0,0.0,100.0,0.0,0.0,0.0,73.27586,0.0,50.0,0.0,15.52795,0.0,60.85825,0.0,0.0,0.0,17.66169,0.0,0.0,0.0,0.0,0.0,0.0,0.0,0.0,53.52112,24.42748,0.0,0.0,0.0,0.0,0.0,0.0,17.70833,0.0,42.85714,0.0,53.70611,0.0,0.0,0.0,0.0,60.81081,0.0,75.0,0.0,0.0,0.0,2.40506,72.82211,0.0,0.0,0.0,0.0,0.0,35.29411,0.0,0.0,0.0,20.99056,0.0,41.30434,0.0,44.44444,0.0,0.0,0.0,57.07547,0.0,0.0,0.0,42.10526,0.0,0.0,0.0,84.23028,0.0,0.0,0.0,0.0,0.0,50.94339,0.0,0.0,0.0,0.0,0.0,0.0,0.0,0.0,0.0,45.16129,30.65326,7.17948,4.67836,0.0,0.0,87.32394,0.0,0.0,0.0,47.71689,0.0,0.0,0.0,0.0,0.0,67.80873,0.0,0.0,0.0,0.0,0.0,0.0,0.0,12.18637,43.75,0.0,0.0,15.15151,0.0,0.0,66.00566,0.0,0.0,0.0,0.0,0.0,0.0,0.0,4.02298,0.0,0.0,60.20685,34.88372,0.0,100.0,43.75,0.0,0.0,33.76623,0.0,0.0,0.0,0.0,0.0,0.0,7.63888,0.0,0.0,0.0,0.0,49.7619,62.81271,0.0,68.93382,0.0,41.37931,0.0,54.29864,100.0,0.0,0.0,72.52747,0.0,0.0,0.0,0.0,0.0,69.30501,35.48387,66.12903,0.0,39.23076,0.0,0.0,0.0,77.19298,0.0,0.0,0.0,0.0,0.0,77.77777,0.0,24.84076,0.0,0.0,0.0,9.25925,0.0,46.42857,0.0,89.26919,0.0,0.0,0.0,0.0,0.0,66.66666,64.61538,75.25773,0.0,30.4,0.0,7.61904,0.0,19.44444,0.0
54,64.3216,0.0,0.0,0.0,0.0,0.0,76.92307,0.0,0.0,0.0,0.0,0.0,33.77483,0.0,75.86206,0.0,32.9446,0.0,26.78571,0.0,87.5,0.0,0.0,0.0,88.7931,0.0,58.33333,0.0,13.66459,0.0,71.97659,0.0,0.0,0.0,12.93532,0.0,0.0,0.0,0.0,0.0,0.0,0.0,0.0,59.15492,24.42748,0.0,0.0,0.0,0.0,0.0,0.0,17.70833,0.0,57.14285,0.0,39.53185,0.0,0.0,0.0,0.0,41.89189,0.0,62.5,0.0,0.0,0.0,3.5443,66.19718,16.66666,0.0,0.0,0.0,0.0,41.17647,0.0,0.0,0.0,20.75471,0.0,49.06832,0.0,51.85185,0.0,0.0,0.0,91.03773,0.0,33.33333,0.0,42.10526,0.0,0.0,0.0,100.0,0.0,0.0,0.0,0.0,0.0,74.0566,0.0,0.0,0.0,0.0,0.0,0.0,0.0,0.0,0.0,59.67741,31.03015,8.20512,5.84795,0.0,0.0,74.64788,0.0,0.0,0.0,44.97716,0.0,0.0,0.0,0.0,0.0,89.90963,0.0,0.0,0.0,0.0,0.0,0.0,0.0,9.31899,40.27777,0.0,0.0,0.0,0.0,0.0,91.50141,0.0,0.0,0.0,0.0,0.0,0.0,0.0,0.0,0.0,0.0,50.57158,37.2093,0.0,72.52747,57.8125,0.0,0.0,25.97402,0.0,0.0,0.0,100.0,0.0,0.0,7.63888,0.0,0.0,0.0,0.0,61.66666,63.42123,0.0,74.57107,0.0,36.20689,0.0,69.45701,97.46192,0.0,0.0,76.37362,0.0,0.0,0.0,0.0,0.0,70.27027,45.16129,62.09677,0.0,67.6923,0.0,0.0,0.0,61.4035,0.0,0.0,0.0,0.0,0.0,0.0,0.0,23.56687,0.0,0.0,0.0,11.11111,0.0,66.07142,0.0,90.7493,0.0,0.0,0.0,0.0,0.0,0.0,93.33333,80.41237,0.0,12.0,0.0,16.19047,0.0,30.55555,0.0
55,73.36683,0.0,0.0,0.0,0.0,0.0,65.38461,0.0,0.0,0.0,0.0,0.0,32.78145,0.0,48.27586,0.0,22.44897,0.0,37.5,0.0,48.4375,0.0,0.0,0.0,87.93103,0.0,41.66666,0.0,19.56521,0.0,61.05331,0.0,0.0,0.0,12.43781,0.0,0.0,0.0,0.0,0.0,0.0,0.0,0.0,50.70422,18.32061,0.0,0.0,0.0,0.0,0.0,0.0,22.91666,0.0,35.71428,0.0,46.94408,0.0,0.0,0.0,0.0,37.16216,0.0,0.0,0.0,0.0,0.0,1.89873,66.14501,0.0,0.0,0.0,0.0,0.0,41.17647,0.0,0.0,0.0,27.83018,0.0,54.65838,0.0,53.7037,0.0,0.0,0.0,100.0,0.0,23.80952,0.0,36.8421,0.0,0.0,0.0,60.70087,0.0,0.0,0.0,0.0,0.0,56.60377,0.0,0.0,0.0,0.0,0.0,0.0,0.0,0.0,0.0,64.51612,35.17587,8.71794,10.52631,0.0,0.0,100.0,0.0,0.0,0.0,49.31506,0.0,0.0,0.0,0.0,0.0,69.76656,0.0,0.0,0.0,0.0,0.0,0.0,0.0,13.62007,37.5,0.0,0.0,15.15151,0.0,0.0,94.90084,0.0,0.0,0.0,0.0,0.0,0.0,0.0,0.0,0.0,0.0,47.30538,25.58139,0.0,63.73626,65.625,0.0,0.0,35.06493,0.0,0.0,0.0,0.0,0.0,0.0,10.41666,0.0,0.0,0.0,0.0,66.42857,66.66666,0.0,72.12009,0.0,48.27586,0.0,71.71945,84.26395,0.0,0.0,74.17582,0.0,0.0,0.0,0.0,0.0,62.16216,35.48387,48.38709,0.0,43.84615,0.0,0.0,0.0,50.87719,0.0,0.0,0.0,0.0,0.0,27.77777,0.0,21.0191,0.0,0.0,0.0,11.11111,0.0,41.07142,0.0,70.39777,0.0,0.0,0.0,0.0,0.0,66.66666,100.0,78.35051,0.0,24.0,0.0,8.57142,0.0,25.0,0.0
56,61.30653,0.0,0.0,0.0,0.0,0.0,38.46153,0.0,0.0,0.0,0.0,0.0,18.87417,0.0,51.72413,0.0,23.32361,0.0,20.53571,0.0,63.28125,0.0,0.0,0.0,72.41379,0.0,75.0,0.0,17.08074,0.0,56.04681,0.0,0.0,0.0,15.42288,0.0,0.0,0.0,0.0,0.0,0.0,0.0,0.0,57.74647,25.19083,0.0,0.0,0.0,0.0,0.0,0.0,23.95833,0.0,71.42857,0.0,60.46814,0.0,0.0,0.0,0.0,46.95945,0.0,0.0,0.0,0.0,0.0,5.18987,76.31716,0.0,0.0,0.0,0.0,0.0,41.17647,0.0,0.0,0.0,31.72169,0.0,42.85714,0.0,48.14814,0.0,0.0,0.0,68.39622,0.0,0.0,0.0,34.21052,0.0,0.0,0.0,69.96245,0.0,0.0,0.0,0.0,0.0,68.39622,0.0,0.0,0.0,0.0,0.0,0.0,0.0,0.0,0.0,32.25806,29.64824,7.17948,0.0,0.0,0.0,75.35211,0.0,0.0,0.0,76.02739,0.0,0.0,0.0,0.0,0.0,65.81325,0.0,0.0,0.0,0.0,0.0,0.0,0.0,59.85663,47.91666,0.0,0.0,0.0,0.0,100.0,83.85269,0.0,0.0,0.0,0.0,0.0,0.0,0.0,2.87356,0.0,0.0,71.25748,34.88372,0.0,61.53846,68.75,0.0,0.0,40.25974,0.0,0.0,0.0,0.0,0.0,0.0,9.72222,0.0,0.0,0.0,0.0,68.33333,63.08316,0.0,83.8848,0.0,17.24137,0.0,69.68325,76.14213,0.0,0.0,76.37362,0.0,0.0,0.0,0.0,0.0,57.91505,22.58064,55.64516,0.0,35.38461,0.0,0.0,0.0,54.38596,0.0,0.0,0.0,0.0,0.0,0.0,0.0,26.11464,0.0,0.0,0.0,0.0,0.0,75.0,0.0,74.28307,0.0,0.0,0.0,0.0,0.0,75.0,73.84615,62.88659,0.0,16.8,0.0,15.23809,0.0,22.22222,0.0
57,58.79396,0.0,0.0,0.0,0.0,0.0,84.61538,0.0,0.0,0.0,0.0,0.0,20.19867,0.0,62.06896,0.0,20.11661,0.0,25.0,0.0,58.59375,0.0,83.33333,0.0,79.31034,0.0,38.88888,0.0,11.80124,0.0,54.74642,0.0,0.0,0.0,21.64179,0.0,0.0,0.0,0.0,0.0,0.0,0.0,0.0,63.38028,28.24427,0.0,0.0,0.0,0.0,0.0,0.0,16.66666,0.0,42.85714,0.0,54.22626,0.0,0.0,0.0,0.0,56.08108,31.25,0.0,0.0,0.0,0.0,2.78481,71.83098,0.0,0.0,0.0,0.0,0.0,70.58823,0.0,0.0,0.0,31.25,0.0,40.99378,0.0,53.7037,0.0,0.0,0.0,68.86792,0.0,23.80952,0.0,76.31578,0.0,0.0,0.0,73.34167,0.0,0.0,0.0,0.0,100.0,65.56603,0.0,0.0,0.0,0.0,0.0,0.0,0.0,0.0,0.0,43.54838,28.64321,8.71794,2.92397,0.0,0.0,48.59154,0.0,0.0,0.0,52.05479,0.0,0.0,0.0,0.0,0.0,62.91415,0.0,0.0,0.0,0.0,0.0,0.0,0.0,23.29749,34.72222,0.0,0.0,0.0,0.0,0.0,78.75354,0.0,0.0,0.0,0.0,0.0,0.0,0.0,3.44827,0.0,0.0,58.90038,41.86046,0.0,81.31868,67.1875,0.0,0.0,22.07792,0.0,0.0,0.0,0.0,0.0,0.0,7.63888,0.0,0.0,0.0,0.0,58.57142,60.7167,0.0,74.93872,0.0,34.48275,0.0,71.71945,91.87817,0.0,0.0,76.37362,0.0,0.0,0.0,0.0,0.0,62.93436,32.25806,62.90322,0.0,38.46153,0.0,0.0,0.0,52.63157,0.0,0.0,0.0,0.0,0.0,0.0,0.0,13.37579,0.0,0.0,0.0,0.0,0.0,44.64285,0.0,80.38852,0.0,0.0,0.0,58.33333,0.0,58.33333,71.28205,60.82474,0.0,20.0,0.0,5.71428,0.0,16.66666,0.0
58,72.86432,0.0,0.0,0.0,0.0,0.0,88.46153,0.0,0.0,0.0,0.0,0.0,26.15894,0.0,44.82758,0.0,23.32361,0.0,23.21428,0.0,67.96875,0.0,0.0,0.0,85.77586,0.0,66.66666,0.0,14.90683,0.0,49.60988,0.0,0.0,0.0,22.88557,0.0,0.0,0.0,0.0,0.0,0.0,0.0,0.0,60.56338,35.87786,0.0,0.0,0.0,0.0,0.0,0.0,17.70833,0.0,42.85714,0.0,48.89466,0.0,0.0,0.0,0.0,57.09459,0.0,0.0,0.0,0.0,0.0,1.89873,70.10954,16.66666,0.0,0.0,0.0,0.0,35.29411,0.0,0.0,0.0,27.94811,0.0,45.03105,0.0,52.77777,0.0,0.0,0.0,70.28301,0.0,0.0,0.0,50.0,0.0,0.0,0.0,63.95494,0.0,0.0,0.0,0.0,0.0,60.84905,0.0,0.0,0.0,0.0,0.0,0.0,0.0,0.0,0.0,30.64516,28.26633,8.20512,3.50877,0.0,0.0,47.88732,0.0,0.0,0.0,63.242,0.0,0.0,0.0,0.0,0.0,61.29518,0.0,0.0,0.0,0.0,0.0,0.0,0.0,18.63799,24.30555,0.0,0.0,15.15151,0.0,0.0,84.13597,0.0,0.0,0.0,0.0,0.0,0.0,0.0,2.87356,0.0,0.0,71.96516,65.11627,0.0,51.64835,100.0,0.0,0.0,15.58441,0.0,0.0,0.0,0.0,0.0,0.0,12.5,0.0,0.0,0.0,0.0,73.09523,96.21365,0.0,100.0,0.0,44.82758,0.0,67.42081,72.08121,0.0,0.0,85.71428,0.0,0.0,0.0,0.0,0.0,66.98841,51.6129,51.6129,0.0,69.23076,0.0,0.0,0.0,61.4035,0.0,0.0,0.0,0.0,0.0,0.0,0.0,21.65605,0.0,0.0,0.0,0.0,0.0,53.57142,0.0,68.0851,0.0,0.0,0.0,66.66666,0.0,0.0,73.33333,37.1134,0.0,16.8,0.0,0.0,0.0,22.22222,0.0
59,73.36683,0.0,0.0,0.0,0.0,0.0,76.92307,0.0,0.0,0.0,0.0,0.0,18.87417,0.0,17.24137,0.0,18.36734,0.0,21.42857,0.0,91.40625,0.0,0.0,0.0,68.10344,0.0,30.55555,0.0,16.45962,0.0,49.6749,0.0,0.0,0.0,23.63184,0.0,0.0,0.0,0.0,0.0,0.0,0.0,0.0,83.09859,32.06106,0.0,0.0,0.0,0.0,0.0,0.0,17.70833,0.0,35.71428,0.0,46.81404,0.0,0.0,0.0,0.0,55.74324,0.0,0.0,0.0,0.0,0.0,3.29113,71.57016,0.0,0.0,0.0,0.0,0.0,70.58823,0.0,0.0,0.0,26.88679,0.0,42.85714,0.0,54.62962,0.0,0.0,0.0,53.77358,0.0,33.33333,0.0,60.52631,0.0,0.0,0.0,67.70963,0.0,0.0,0.0,0.0,0.0,63.20754,0.0,0.0,0.0,0.0,0.0,0.0,0.0,0.0,0.0,33.87096,26.75879,5.1282,4.09356,0.0,0.0,72.53521,0.0,0.0,0.0,61.87214,0.0,0.0,0.0,0.0,0.0,53.91566,0.0,0.0,0.0,0.0,0.0,0.0,0.0,20.07168,40.27777,0.0,0.0,0.0,0.0,0.0,82.43626,0.0,0.0,0.0,0.0,0.0,0.0,0.0,4.02298,0.0,0.0,100.0,34.88372,0.0,70.32967,75.0,0.0,0.0,28.57142,0.0,0.0,0.0,55.55555,0.0,0.0,11.80555,0.0,0.0,0.0,0.0,58.57142,86.54496,0.0,87.86764,0.0,27.5862,0.0,66.74208,78.6802,0.0,0.0,71.42857,0.0,0.0,0.0,0.0,0.0,61.19691,32.25806,37.09677,0.0,46.92307,0.0,0.0,0.0,66.66666,0.0,0.0,0.0,0.0,0.0,0.0,0.0,22.29299,0.0,0.0,0.0,0.0,0.0,76.78571,0.0,63.36725,0.0,0.0,0.0,41.66666,0.0,50.0,58.46153,36.08247,0.0,8.0,0.0,24.7619,0.0,25.0,0.0
60,69.34673,0.0,0.0,0.0,0.0,0.0,42.30769,0.0,0.0,0.0,0.0,0.0,17.21854,0.0,0.0,0.0,21.86588,0.0,54.46428,0.0,88.28125,0.0,0.0,0.0,92.24137,0.0,52.77777,0.0,12.42236,0.0,56.04681,0.0,0.0,0.0,21.64179,0.0,0.0,0.0,0.0,0.0,0.0,0.0,0.0,78.87323,49.61832,0.0,0.0,0.0,0.0,0.0,0.0,19.79166,0.0,0.0,0.0,43.95318,0.0,0.0,0.0,0.0,41.55405,0.0,0.0,0.0,0.0,0.0,3.03797,65.25821,0.0,0.0,0.0,0.0,0.0,29.41176,0.0,100.0,0.0,24.0566,0.0,28.57142,0.0,36.11111,0.0,0.0,0.0,54.24528,0.0,23.80952,0.0,44.73684,0.0,0.0,0.0,90.48811,0.0,0.0,0.0,0.0,0.0,57.54716,0.0,0.0,0.0,0.0,0.0,0.0,0.0,0.0,0.0,33.87096,26.63316,8.20512,4.67836,0.0,0.0,69.01408,0.0,0.0,0.0,50.91324,0.0,0.0,0.0,0.0,0.0,63.81777,0.0,0.0,0.0,0.0,0.0,0.0,0.0,12.5448,28.47222,0.0,0.0,0.0,0.0,0.0,74.78753,0.0,0.0,0.0,0.0,0.0,0.0,0.0,0.0,0.0,0.0,68.53565,46.51162,0.0,71.42857,90.625,0.0,0.0,36.36363,0.0,0.0,0.0,0.0,0.0,0.0,8.33333,0.0,0.0,0.0,0.0,60.71428,100.0,0.0,95.40441,0.0,36.20689,0.0,58.59728,55.32994,0.0,0.0,74.72527,0.0,0.0,0.0,0.0,0.0,69.49806,64.51612,54.03225,0.0,45.38461,0.0,0.0,0.0,87.71929,0.0,0.0,0.0,0.0,0.0,0.0,0.0,25.4777,0.0,0.0,0.0,0.0,0.0,85.71428,0.0,86.30897,0.0,0.0,0.0,66.66666,0.0,66.66666,61.02564,51.54639,0.0,15.2,0.0,31.42857,0.0,25.0,0.0
