,코스알엑스 풀핏 프로폴리스 시너지 토너_0,코스알엑스 풀핏 프로폴리스 시너지 토너_1,코스알엑스 풀핏 프로폴리스 시너지 토너_2,더랩 바이 블랑두 올리고 히알루론산  멀티 포뮬라 패드_0,더랩 바이 블랑두 올리고 히알루론산  멀티 포뮬라 패드_1,더랩 바이 블랑두 올리고 히알루론산  멀티 포뮬라 패드_2,프레쥬 프로 모이스처 크리미 토너_0,프레쥬 프로 모이스처 크리미 토너_1,프레쥬 프로 모이스처 크리미 토너_2,스팀베이스 테르물레 클리어 패드_0,스팀베이스 테르물레 클리어 패드_1,스팀베이스 테르물레 클리어 패드_2,더모테라피 리페어레이션 에센스 토너_0,더모테라피 리페어레이션 에센스 토너_1,더모테라피 리페어레이션 에센스 토너_2,홀리카홀리카 레스온스킨 에센스 패드_0,홀리카홀리카 레스온스킨 에센스 패드_1,홀리카홀리카 레스온스킨 에센스 패드_2,오휘 더 퍼스트 제너츄어 스킨 소프너_0,오휘 더 퍼스트 제너츄어 스킨 소프너_1,오휘 더 퍼스트 제너츄어 스킨 소프너_2,시드물 카렌듈라 앰플 토너_0,시드물 카렌듈라 앰플 토너_1,시드물 카렌듈라 앰플 토너_2,바디버든프로젝트 시카 토너 패드_0,바디버든프로젝트 시카 토너 패드_1,바디버든프로젝트 시카 토너 패드_2,언파코스메틱 바이바이 시카토너_0,언파코스메틱 바이바이 시카토너_1,언파코스메틱 바이바이 시카토너_2,더마토리 하이포알러제닉 모이스처라이징 크림 보습패드_0,더마토리 하이포알러제닉 모이스처라이징 크림 보습패드_1,더마토리 하이포알러제닉 모이스처라이징 크림 보습패드_2,프리메라 수딩 센서티브 워터_0,프리메라 수딩 센서티브 워터_1,프리메라 수딩 센서티브 워터_2,브링그린 찹쌀 배리어 크림 스킨_0,브링그린 찹쌀 배리어 크림 스킨_1,브링그린 찹쌀 배리어 크림 스킨_2,미샤 비폴렌 리뉴 앰풀 스킨_0,미샤 비폴렌 리뉴 앰풀 스킨_1,미샤 비폴렌 리뉴 앰풀 스킨_2,아이소이 파하 퍼스트 토너  각질파토 _0,아이소이 파하 퍼스트 토너  각질파토 _1,아이소이 파하 퍼스트 토너  각질파토 _2,이퀄베리 데일리 필링 수영장 토너_0,이퀄베리 데일리 필링 수영장 토너_1,이퀄베리 데일리 필링 수영장 토너_2,비플랫 퓨어 토너_0,비플랫 퓨어 토너_1,비플랫 퓨어 토너_2,토니모리 원더 세라마이드 모찌 토너_0,토니모리 원더 세라마이드 모찌 토너_1,토니모리 원더 세라마이드 모찌 토너_2,얼트루 아임 쏘리 포 마이 스킨 릴렉싱 토너_0,얼트루 아임 쏘리 포 마이 스킨 릴렉싱 토너_1,얼트루 아임 쏘리 포 마이 스킨 릴렉싱 토너_2,보타니티 플라본 부스터_0,보타니티 플라본 부스터_1,보타니티 플라본 부스터_2,에스트라 아토베리어     로션_0,에스트라 아토베리어     로션_1,에스트라 아토베리어     로션_2,제로이드 인텐시브 로션_0,제로이드 인텐시브 로션_1,제로이드 인텐시브 로션_2,피지오겔 카밍릴리프 AI 리페어 로션_0,피지오겔 카밍릴리프 AI 리페어 로션_1,피지오겔 카밍릴리프 AI 리페어 로션_2,에스트라 아토베리어 로션_0,에스트라 아토베리어 로션_1,에스트라 아토베리어 로션_2,유리프 셋업 에멀전_0,유리프 셋업 에멀전_1,유리프 셋업 에멀전_2,라포티셀 세라마이드 하이드라 플루이드_0,라포티셀 세라마이드 하이드라 플루이드_1,라포티셀 세라마이드 하이드라 플루이드_2,빌리프 크리미 모이스춰라이저 딥 모이스트_0,빌리프 크리미 모이스춰라이저 딥 모이스트_1,빌리프 크리미 모이스춰라이저 딥 모이스트_2,빌리프 밀키 모이스춰라이저 하이드라 밸런싱_0,빌리프 밀키 모이스춰라이저 하이드라 밸런싱_1,빌리프 밀키 모이스춰라이저 하이드라 밸런싱_2,킵쿨 수드 대나무 로션_0,킵쿨 수드 대나무 로션_1,킵쿨 수드 대나무 로션_2,한율 어린쑥 수분진정 플루이드_0,한율 어린쑥 수분진정 플루이드_1,한율 어린쑥 수분진정 플루이드_2,제로이드 수딩로션_0,제로이드 수딩로션_1,제로이드 수딩로션_2,닥터벨머 데일리리페어 모이스처라이저_0,닥터벨머 데일리리페어 모이스처라이저_1,닥터벨머 데일리리페어 모이스처라이저_2
0,0.0,0.0,0.0,0.0,0.0,0.0,0.0,0.0,0.0,0.0,0.0,0.0,0.0,0.0,66.66666,0.0,0.0,0.0,0.0,0.0,0.0,0.0,0.0,0.0,0.0,0.0,0.0,0.0,0.0,0.0,0.0,0.0,0.0,0.0,0.0,0.0,0.0,0.0,0.0,0.0,0.0,0.0,0.0,0.0,0.0,0.0,0.0,0.0,0.0,0.0,0.0,0.0,0.0,53.84615,0.0,0.0,0.0,0.0,0.0,0.0,90.27777,53.07692,60.15831,20.81545,80.82901,32.63157,0.0,0.0,0.0,90.27777,53.07692,67.97274,0.0,0.0,0.0,100.0,0.0,0.0,0.0,0.0,0.0,0.0,0.0,0.0,35.95505,0.0,0.0,38.23529,0.0,0.0,74.71264,39.43161,56.22775,59.21052,100.0,43.75
1,0.0,0.0,0.0,0.0,0.0,0.0,0.0,0.0,0.0,0.0,0.0,0.0,0.0,0.0,75.55555,0.0,0.0,0.0,0.0,0.0,0.0,0.0,0.0,0.0,0.0,0.0,0.0,0.0,0.0,0.0,0.0,0.0,0.0,0.0,0.0,0.0,0.0,0.0,0.0,0.0,0.0,0.0,0.0,0.0,0.0,0.0,0.0,0.0,0.0,0.0,0.0,0.0,0.0,0.0,0.0,0.0,0.0,0.0,0.0,0.0,81.48148,58.46153,63.85224,23.39055,89.6373,55.78947,0.0,0.0,0.0,81.48148,58.46153,54.17376,0.0,0.0,0.0,0.0,0.0,0.0,0.0,0.0,0.0,0.0,0.0,0.0,49.4382,0.0,0.0,0.0,0.0,0.0,76.62835,100.0,100.0,59.21052,82.35294,43.75
2,26.31578,0.0,0.0,0.0,0.0,0.0,0.0,0.0,0.0,0.0,0.0,0.0,0.0,0.0,100.0,0.0,0.0,0.0,0.0,0.0,0.0,0.0,0.0,0.0,0.0,0.0,0.0,0.0,0.0,0.0,0.0,0.0,0.0,1.87969,0.0,0.0,0.0,0.0,0.0,0.0,0.0,0.0,0.0,0.0,0.0,0.0,0.0,0.0,0.0,0.0,0.0,0.0,0.0,0.0,0.0,0.0,0.0,0.0,0.0,0.0,71.99074,43.07692,84.16886,17.38197,82.90155,62.10526,0.0,0.0,0.0,71.99074,43.07692,56.0477,0.0,0.0,0.0,0.0,0.0,0.0,0.0,0.0,0.0,0.0,0.0,0.0,56.17977,0.0,0.0,0.0,0.0,54.54545,80.07662,56.39431,92.88256,44.73684,64.70588,50.0
3,0.0,0.0,0.0,0.0,0.0,0.0,0.0,0.0,0.0,0.0,0.0,0.0,0.0,0.0,73.33333,0.0,0.0,0.0,0.0,0.0,0.0,0.0,0.0,0.0,0.0,0.0,0.0,0.0,0.0,0.0,0.0,0.0,0.0,1.87969,0.0,0.0,0.0,0.0,0.0,0.0,0.0,0.0,0.0,0.0,0.0,0.0,0.0,0.0,0.0,0.0,0.0,35.71428,30.0,0.0,0.0,0.0,0.0,0.0,0.0,0.0,79.39814,66.92307,89.70976,16.73819,75.64766,48.42105,0.0,0.0,0.0,79.39814,66.92307,66.78023,0.0,0.0,0.0,0.0,0.0,0.0,0.0,0.0,0.0,0.0,0.0,0.0,56.5543,0.0,0.0,0.0,38.46153,100.0,63.60153,61.19005,79.7153,31.57894,38.23529,0.0
4,0.0,0.0,0.0,0.0,0.0,0.0,0.0,0.0,0.0,0.0,0.0,0.0,0.0,0.0,82.22222,0.0,0.0,0.0,0.0,0.0,0.0,0.0,0.0,0.0,0.0,0.0,0.0,0.0,0.0,0.0,0.0,0.0,0.0,0.0,0.0,0.0,0.0,0.0,0.0,0.0,0.0,0.0,0.0,0.0,0.0,0.0,0.0,0.0,0.0,0.0,0.0,0.0,45.0,38.46153,0.0,0.0,0.0,0.0,0.0,0.0,54.86111,55.38461,83.3773,12.23175,59.06735,49.47368,0.0,0.0,0.0,54.86111,55.38461,69.16524,0.0,0.0,0.0,0.0,0.0,0.0,0.0,0.0,0.0,0.0,0.0,0.0,51.31086,0.0,0.0,14.70588,38.46153,0.0,62.83524,36.85612,91.1032,35.52631,44.11764,0.0
5,0.0,0.0,100.0,0.0,0.0,0.0,0.0,0.0,0.0,0.0,0.0,0.0,0.0,0.0,91.11111,0.0,0.0,0.0,0.0,0.0,0.0,0.0,0.0,0.0,0.0,0.0,0.0,0.0,0.0,0.0,0.0,0.0,0.0,0.0,0.0,0.0,0.0,0.0,0.0,0.0,0.0,0.0,0.0,0.0,0.0,0.0,0.0,0.0,0.0,0.0,0.0,42.85714,25.0,0.0,0.0,0.0,0.0,0.0,0.0,0.0,45.60185,66.15384,76.781,21.88841,57.51295,50.0,0.0,0.0,0.0,45.60185,66.15384,77.85349,0.0,0.0,0.0,0.0,0.0,0.0,0.0,0.0,0.0,0.0,0.0,0.0,49.81273,0.0,0.0,17.64705,0.0,0.0,82.75862,42.53996,74.37722,27.63157,61.7647,56.25
6,0.0,0.0,0.0,0.0,0.0,0.0,0.0,0.0,0.0,0.0,0.0,0.0,0.0,0.0,73.33333,0.0,0.0,0.0,0.0,0.0,0.0,0.0,0.0,100.0,0.0,0.0,0.0,0.0,0.0,0.0,62.5,0.0,0.0,0.0,0.0,55.55555,0.0,0.0,0.0,0.0,0.0,0.0,0.0,0.0,0.0,0.0,0.0,0.0,0.0,0.0,0.0,100.0,0.0,61.53846,0.0,0.0,0.0,0.0,0.0,0.0,44.44444,53.84615,73.61477,22.53218,40.4145,41.05263,0.0,0.0,0.0,44.44444,53.84615,61.49914,0.0,0.0,0.0,0.0,0.0,0.0,0.0,0.0,0.0,0.0,0.0,0.0,46.06741,0.0,0.0,14.70588,0.0,0.0,82.37547,28.15275,59.78647,35.52631,64.70588,31.25
7,0.0,0.0,0.0,0.0,0.0,0.0,0.0,0.0,0.0,0.0,0.0,0.0,0.0,0.0,62.22222,0.0,0.0,0.0,0.0,0.0,0.0,0.0,0.0,0.0,0.0,0.0,0.0,0.0,0.0,0.0,62.5,0.0,0.0,0.0,0.0,0.0,0.0,0.0,0.0,0.0,0.0,0.0,0.0,0.0,0.0,0.0,0.0,0.0,0.0,0.0,0.0,42.85714,30.0,0.0,0.0,0.0,0.0,0.0,0.0,0.0,60.64814,55.38461,66.75461,22.53218,66.83937,44.73684,0.0,0.0,0.0,60.64814,55.38461,63.03236,0.0,0.0,0.0,0.0,0.0,0.0,0.0,0.0,0.0,0.0,0.0,0.0,23.97003,0.0,0.0,14.70588,0.0,45.45454,77.01149,30.10657,71.17437,36.8421,73.52941,75.0
8,0.0,0.0,0.0,0.0,0.0,0.0,0.0,0.0,0.0,0.0,0.0,0.0,0.0,0.0,57.77777,0.0,0.0,0.0,0.0,0.0,0.0,0.0,0.0,0.0,0.0,0.0,0.0,0.0,0.0,0.0,0.0,0.0,0.0,0.0,0.0,0.0,0.0,0.0,0.0,0.0,0.0,0.0,0.0,0.0,0.0,0.0,0.0,0.0,0.0,0.0,0.0,42.85714,25.0,46.15384,0.0,0.0,0.0,0.0,0.0,0.0,50.69444,74.23076,84.16886,20.81545,68.39378,55.26315,0.0,0.0,0.0,50.69444,74.23076,65.41737,0.0,0.0,0.0,0.0,0.0,0.0,0.0,0.0,0.0,0.0,0.0,0.0,37.82771,0.0,0.0,23.52941,53.84615,63.63636,66.66666,32.41563,93.23843,64.47368,44.11764,50.0
9,0.0,0.0,0.0,0.0,0.0,0.0,0.0,0.0,0.0,0.0,0.0,0.0,0.0,0.0,82.22222,0.0,0.0,0.0,0.0,0.0,0.0,0.0,0.0,0.0,0.0,0.0,0.0,0.0,0.0,0.0,0.0,0.0,0.0,0.0,0.0,0.0,0.0,0.0,0.0,0.0,0.0,0.0,0.0,0.0,0.0,0.0,0.0,0.0,0.0,0.0,0.0,0.0,30.0,53.84615,0.0,0.0,0.0,0.0,0.0,0.0,52.54629,63.84615,76.25329,13.7339,56.47668,53.68421,0.0,0.0,0.0,52.54629,63.84615,72.23168,0.0,0.0,0.0,0.0,0.0,0.0,0.0,0.0,0.0,0.0,0.0,0.0,43.44569,0.0,0.0,35.29411,0.0,72.72727,64.75095,22.29129,83.98576,34.21052,47.05882,0.0
10,0.0,0.0,0.0,0.0,0.0,0.0,0.0,0.0,0.0,0.0,0.0,0.0,0.0,0.0,73.33333,0.0,0.0,0.0,0.0,0.0,0.0,0.0,0.0,0.0,0.0,0.0,0.0,0.0,0.0,0.0,0.0,0.0,0.0,0.0,0.0,0.0,0.0,0.0,0.0,0.0,0.0,0.0,0.0,0.0,0.0,0.0,0.0,0.0,0.0,0.0,0.0,0.0,0.0,61.53846,0.0,0.0,0.0,0.0,0.0,0.0,40.74074,71.15384,68.60158,20.38626,46.11398,50.0,0.0,0.0,0.0,40.74074,71.15384,72.06132,0.0,0.0,0.0,0.0,0.0,0.0,0.0,0.0,0.0,0.0,0.0,0.0,39.70037,0.0,0.0,0.0,0.0,0.0,67.43295,19.36056,65.48042,31.57894,94.11764,0.0
11,0.0,0.0,0.0,0.0,0.0,0.0,0.0,0.0,0.0,0.0,0.0,0.0,0.0,0.0,44.44444,0.0,0.0,0.0,0.0,0.0,0.0,0.0,0.0,0.0,0.0,0.0,0.0,0.0,0.0,0.0,0.0,0.0,66.66666,0.0,0.0,0.0,0.0,0.0,0.0,0.0,0.0,0.0,0.0,0.0,0.0,0.0,0.0,0.0,0.0,0.0,0.0,0.0,50.0,53.84615,0.0,0.0,0.0,0.0,0.0,0.0,31.94444,73.07692,70.97625,16.09442,34.71502,56.8421,0.0,0.0,0.0,31.94444,73.07692,71.03918,0.0,0.0,0.0,0.0,0.0,0.0,0.0,0.0,0.0,0.0,0.0,0.0,26.59176,0.0,0.0,88.23529,0.0,0.0,57.08812,16.87388,54.80427,39.47368,55.88235,43.75
12,0.0,0.0,0.0,0.0,0.0,0.0,0.0,0.0,0.0,0.0,0.0,0.0,0.0,0.0,60.0,0.0,0.0,0.0,0.0,0.0,0.0,0.0,0.0,0.0,0.0,0.0,0.0,0.0,0.0,0.0,0.0,0.0,0.0,0.0,46.15384,0.0,0.0,0.0,0.0,0.0,0.0,0.0,0.0,0.0,0.0,0.0,0.0,0.0,0.0,0.0,0.0,0.0,60.0,46.15384,0.0,0.0,0.0,0.0,0.0,0.0,41.66666,91.92307,73.08707,23.39055,50.25906,46.8421,0.0,0.0,0.0,41.66666,91.92307,66.60988,0.0,0.0,0.0,0.0,0.0,0.0,0.0,0.0,0.0,0.0,0.0,0.0,36.32958,0.0,0.0,100.0,0.0,0.0,72.41379,22.73534,42.70462,51.31578,29.41176,56.25
13,0.0,0.0,0.0,0.0,0.0,0.0,0.0,0.0,0.0,0.0,0.0,0.0,0.0,0.0,62.22222,0.0,0.0,0.0,0.0,0.0,0.0,0.0,0.0,0.0,0.0,0.0,0.0,0.0,0.0,0.0,0.0,0.0,0.0,0.0,0.0,0.0,0.0,0.0,0.0,0.0,0.0,0.0,0.0,0.0,0.0,0.0,0.0,0.0,0.0,0.0,0.0,0.0,30.0,38.46153,0.0,0.0,0.0,0.0,0.0,0.0,54.39814,91.15384,56.20052,23.81974,67.87564,48.94736,0.0,0.0,0.0,54.39814,91.15384,65.75809,0.0,0.0,0.0,0.0,0.0,0.0,0.0,0.0,0.0,0.0,0.0,0.0,31.46067,0.0,0.0,76.47058,0.0,45.45454,72.03065,30.10657,34.87544,36.8421,41.17647,81.25
14,0.0,0.0,0.0,0.0,0.0,0.0,0.0,0.0,0.0,0.0,0.0,0.0,0.0,0.0,48.88888,0.0,0.0,0.0,0.0,0.0,0.0,0.0,0.0,0.0,0.0,0.0,0.0,0.0,0.0,0.0,0.0,0.0,0.0,0.0,0.0,0.0,0.0,0.0,0.0,0.0,0.0,0.0,0.0,0.0,0.0,0.0,0.0,0.0,0.0,0.0,0.0,0.0,30.0,0.0,0.0,0.0,0.0,0.0,0.0,100.0,86.57407,73.07692,56.72823,13.30472,95.33678,35.26315,0.0,0.0,0.0,86.57407,73.07692,60.64735,0.0,0.0,0.0,0.0,0.0,0.0,0.0,0.0,0.0,0.0,0.0,0.0,22.47191,0.0,0.0,47.05882,0.0,54.54545,64.75095,41.91829,41.99288,32.89473,44.11764,43.75
15,0.0,0.0,0.0,0.0,0.0,0.0,0.0,0.0,0.0,0.0,0.0,0.0,0.0,0.0,66.66666,0.0,0.0,0.0,0.0,0.0,0.0,0.0,0.0,0.0,0.0,0.0,0.0,0.0,0.0,0.0,0.0,0.0,0.0,0.0,0.0,0.0,0.0,0.0,0.0,0.0,0.0,0.0,0.0,0.0,0.0,0.0,0.0,0.0,0.0,0.0,0.0,0.0,25.0,0.0,0.0,0.0,0.0,0.0,0.0,0.0,73.37962,62.6923,73.08707,16.30901,76.68393,53.15789,0.0,0.0,0.0,73.37962,62.6923,63.88415,0.0,0.0,0.0,0.0,0.0,0.0,0.0,0.0,0.0,0.0,0.0,0.0,27.71535,0.0,0.0,38.23529,0.0,0.0,67.81609,38.54351,55.87188,43.42105,35.29411,62.5
16,0.0,0.0,0.0,0.0,0.0,0.0,0.0,0.0,0.0,0.0,0.0,0.0,0.0,0.0,62.22222,0.0,0.0,0.0,0.0,0.0,0.0,0.0,0.0,0.0,0.0,0.0,0.0,0.0,0.0,0.0,0.0,0.0,66.66666,0.0,0.0,55.55555,0.0,0.0,0.0,0.0,0.0,0.0,0.0,0.0,0.0,0.0,0.0,0.0,0.0,0.0,0.0,0.0,0.0,0.0,0.0,0.0,0.0,0.0,0.0,0.0,72.68518,58.07692,91.82058,18.24034,100.0,50.0,0.0,0.0,0.0,72.68518,58.07692,60.98807,0.0,0.0,0.0,0.0,0.0,0.0,0.0,0.0,0.0,0.0,0.0,0.0,22.09737,0.0,0.0,55.88235,0.0,0.0,64.36781,37.12255,58.71886,42.10526,0.0,0.0
17,0.0,0.0,0.0,0.0,0.0,0.0,0.0,0.0,0.0,0.0,0.0,0.0,0.0,0.0,68.88888,0.0,0.0,0.0,0.0,0.0,0.0,0.0,0.0,0.0,0.0,0.0,0.0,0.0,0.0,0.0,0.0,0.0,0.0,0.0,0.0,0.0,0.0,0.0,0.0,0.0,0.0,0.0,0.0,0.0,0.0,0.0,0.0,0.0,0.0,0.0,0.0,0.0,0.0,0.0,0.0,0.0,0.0,0.0,0.0,0.0,83.33333,84.61538,88.65435,14.80686,96.37305,55.26315,0.0,0.0,0.0,83.33333,84.61538,72.91311,0.0,0.0,0.0,0.0,0.0,0.0,0.0,0.0,0.0,0.0,0.0,0.0,32.20973,0.0,0.0,85.29411,0.0,100.0,53.2567,33.39253,47.68683,40.78947,38.23529,0.0
18,0.0,0.0,0.0,0.0,0.0,0.0,0.0,0.0,0.0,0.0,0.0,0.0,0.0,0.0,46.66666,0.0,0.0,0.0,0.0,0.0,0.0,0.0,0.0,0.0,0.0,0.0,0.0,0.0,0.0,0.0,0.0,0.0,0.0,0.0,0.0,0.0,0.0,0.0,0.0,0.0,0.0,0.0,0.0,0.0,0.0,0.0,0.0,0.0,0.0,0.0,0.0,35.71428,0.0,0.0,0.0,0.0,0.0,0.0,0.0,0.0,67.82407,90.0,76.25329,9.87124,87.04663,61.05263,0.0,0.0,0.0,67.82407,90.0,74.61669,0.0,0.0,0.0,0.0,0.0,0.0,0.0,0.0,0.0,0.0,0.0,0.0,28.08988,0.0,0.0,0.0,0.0,54.54545,61.30268,29.4849,61.20996,47.36842,47.05882,56.25
19,0.0,100.0,0.0,0.0,0.0,0.0,0.0,0.0,0.0,0.0,0.0,0.0,0.0,0.0,40.0,0.0,0.0,0.0,0.0,0.0,0.0,0.0,0.0,0.0,0.0,0.0,0.0,0.0,0.0,0.0,0.0,0.0,0.0,0.0,0.0,0.0,0.0,0.0,0.0,0.0,0.0,0.0,0.0,0.0,0.0,0.0,0.0,0.0,0.0,0.0,0.0,0.0,35.0,100.0,0.0,0.0,0.0,0.0,0.0,54.54545,53.24074,88.84615,70.7124,4.93562,66.83937,52.10526,0.0,0.0,0.0,53.24074,88.84615,73.08347,0.0,0.0,0.0,0.0,0.0,0.0,0.0,0.0,0.0,0.0,0.0,0.0,25.46816,0.0,0.0,17.64705,0.0,0.0,52.10727,24.60035,42.34875,28.94736,55.88235,31.25
20,0.0,0.0,0.0,0.0,0.0,0.0,0.0,0.0,0.0,0.0,0.0,0.0,0.0,0.0,64.44444,0.0,0.0,0.0,0.0,0.0,0.0,0.0,0.0,0.0,0.0,0.0,0.0,0.0,0.0,0.0,0.0,0.0,0.0,0.0,0.0,0.0,0.0,0.0,0.0,0.0,0.0,0.0,0.0,0.0,0.0,0.0,0.0,0.0,0.0,0.0,0.0,0.0,30.0,0.0,0.0,0.0,0.0,60.0,0.0,0.0,58.10185,96.53846,72.03166,9.44206,68.39378,43.15789,0.0,0.0,0.0,58.10185,96.53846,100.0,0.0,0.0,0.0,0.0,0.0,0.0,0.0,0.0,0.0,0.0,0.0,0.0,23.97003,13.40206,0.0,41.17647,38.46153,0.0,50.57471,25.84369,37.01067,36.8421,85.29411,56.25
21,0.0,0.0,0.0,0.0,0.0,0.0,0.0,0.0,0.0,0.0,0.0,0.0,0.0,0.0,62.22222,0.0,0.0,0.0,0.0,0.0,0.0,0.0,0.0,0.0,0.0,0.0,0.0,0.0,0.0,0.0,0.0,0.0,0.0,0.0,0.0,0.0,0.0,0.0,0.0,0.0,0.0,0.0,0.0,0.0,0.0,0.0,0.0,0.0,0.0,0.0,0.0,0.0,0.0,0.0,0.0,0.0,0.0,0.0,0.0,0.0,75.46296,78.84615,72.82321,11.58798,88.60103,36.31578,0.0,0.0,0.0,75.46296,78.84615,78.70528,0.0,0.0,0.0,0.0,0.0,0.0,0.0,0.0,0.0,0.0,0.0,0.0,14.60674,3.09278,0.0,20.58823,38.46153,45.45454,60.91954,34.36944,42.34875,30.26315,79.41176,93.75
22,0.0,0.0,0.0,0.0,0.0,0.0,0.0,0.0,0.0,0.0,0.0,0.0,0.0,0.0,24.44444,0.0,0.0,0.0,0.0,0.0,0.0,0.0,0.0,0.0,0.0,0.0,0.0,0.0,0.0,0.0,0.0,0.0,0.0,0.0,0.0,0.0,0.0,0.0,0.0,0.0,0.0,0.0,0.0,0.0,0.0,0.0,0.0,0.0,0.0,0.0,0.0,0.0,0.0,0.0,0.0,0.0,0.0,0.0,0.0,0.0,80.55555,60.0,100.0,60.51502,84.97409,65.26315,0.0,0.0,0.0,80.55555,60.0,70.5281,0.0,0.0,0.0,0.0,0.0,0.0,0.0,0.0,0.0,0.0,0.0,0.0,36.70411,0.0,0.0,35.29411,0.0,63.63636,100.0,34.63587,59.78647,57.89473,58.82352,56.25
23,0.0,0.0,0.0,0.0,0.0,0.0,0.0,0.0,0.0,0.0,0.0,0.0,0.0,29.87012,35.55555,0.0,0.0,0.0,0.0,0.0,0.0,0.0,0.0,0.0,0.0,0.0,0.0,0.0,0.0,0.0,0.0,0.0,0.0,0.0,0.0,0.0,0.0,0.0,0.0,0.0,0.0,0.0,0.0,0.0,0.0,0.0,0.0,0.0,0.0,0.0,0.0,0.0,55.0,0.0,0.0,0.0,0.0,0.0,0.0,0.0,79.62962,64.61538,97.88918,29.61373,80.82901,61.05263,0.0,0.0,0.0,79.62962,64.61538,78.70528,0.0,0.0,0.0,0.0,0.0,0.0,0.0,0.0,0.0,0.0,0.0,0.0,21.34831,0.0,0.0,29.41176,38.46153,0.0,80.45977,43.87211,57.29537,100.0,73.52941,50.0
24,0.0,0.0,0.0,0.0,0.0,0.0,0.0,0.0,0.0,0.0,0.0,0.0,0.0,59.74025,57.77777,0.0,0.0,0.0,0.0,0.0,0.0,0.0,0.0,0.0,0.0,0.0,0.0,100.0,0.0,0.0,0.0,0.0,0.0,1.87969,38.46153,0.0,0.0,0.0,0.0,0.0,0.0,0.0,0.0,0.0,0.0,0.0,0.0,0.0,0.0,0.0,0.0,35.71428,0.0,0.0,0.0,0.0,0.0,0.0,0.0,0.0,100.0,80.76923,72.29551,33.04721,80.82901,60.52631,0.0,0.0,0.0,100.0,80.76923,84.6678,0.0,0.0,0.0,0.0,0.0,0.0,0.0,0.0,0.0,0.0,0.0,0.0,37.82771,0.0,0.0,32.35294,0.0,0.0,70.88122,43.25044,61.56583,67.10526,38.23529,37.5
25,0.0,0.0,0.0,0.0,0.0,0.0,0.0,0.0,0.0,0.0,0.0,0.0,0.0,100.0,35.55555,0.0,0.0,0.0,0.0,0.0,0.0,0.0,0.0,0.0,0.0,0.0,0.0,0.0,0.0,0.0,0.0,0.0,0.0,2.25563,0.0,0.0,0.0,0.0,0.0,0.0,0.0,0.0,0.0,0.0,0.0,0.0,0.0,0.0,0.0,0.0,0.0,0.0,40.0,0.0,0.0,0.0,0.0,0.0,0.0,54.54545,78.47222,75.0,97.88918,40.55793,67.87564,55.26315,0.0,0.0,0.0,78.47222,75.0,80.74957,0.0,0.0,0.0,0.0,0.0,0.0,0.0,0.0,0.0,0.0,0.0,0.0,28.08988,0.0,0.0,0.0,0.0,0.0,82.75862,37.5666,48.75444,76.31578,61.7647,0.0
26,0.0,0.0,0.0,0.0,0.0,0.0,0.0,0.0,0.0,0.0,0.0,0.0,0.0,58.44155,51.11111,0.0,0.0,0.0,0.0,0.0,0.0,0.0,0.0,0.0,0.0,0.0,0.0,0.0,0.0,0.0,0.0,0.0,0.0,0.0,0.0,0.0,0.0,0.0,0.0,0.0,0.0,0.0,0.0,0.0,0.0,0.0,0.0,0.0,0.0,0.0,0.0,42.85714,0.0,0.0,0.0,0.0,0.0,0.0,0.0,0.0,56.25,71.92307,79.41952,60.72961,53.36787,42.10526,0.0,0.0,0.0,56.25,71.92307,65.92844,0.0,0.0,0.0,0.0,0.0,0.0,0.0,0.0,0.0,0.0,0.0,0.0,29.21348,0.0,0.0,17.64705,53.84615,72.72727,85.82375,30.01776,44.83985,30.26315,38.23529,0.0
27,0.0,0.0,0.0,0.0,0.0,0.0,0.0,0.0,0.0,0.0,0.0,0.0,0.0,27.27272,51.11111,0.0,0.0,0.0,0.0,0.0,0.0,0.0,0.0,0.0,0.0,0.0,0.0,0.0,0.0,0.0,0.0,0.0,0.0,0.0,76.92307,0.0,0.0,0.0,0.0,0.0,0.0,0.0,0.0,0.0,0.0,0.0,0.0,0.0,0.0,0.0,0.0,35.71428,25.0,38.46153,0.0,0.0,0.0,0.0,0.0,0.0,60.18518,83.46153,70.44854,77.89699,55.95854,48.94736,0.0,0.0,0.0,60.18518,83.46153,64.39522,0.0,0.0,0.0,0.0,0.0,0.0,0.0,0.0,0.0,0.0,0.0,0.0,21.34831,0.0,0.0,64.70588,69.23076,0.0,93.10344,32.50444,35.23131,19.73684,70.58823,93.75
28,0.0,0.0,0.0,0.0,0.0,0.0,0.0,0.0,0.0,0.0,0.0,0.0,0.0,29.22077,64.44444,0.0,0.0,0.0,0.0,0.0,0.0,0.0,0.0,0.0,0.0,0.0,0.0,0.0,0.0,0.0,0.0,0.0,0.0,0.0,46.15384,0.0,0.0,0.0,0.0,0.0,0.0,0.0,0.0,0.0,0.0,0.0,0.0,0.0,0.0,0.0,0.0,35.71428,35.0,0.0,0.0,0.0,0.0,0.0,0.0,0.0,69.44444,70.76923,69.39313,76.39484,66.83937,47.36842,0.0,0.0,0.0,69.44444,70.76923,60.98807,0.0,0.0,0.0,0.0,0.0,0.0,0.0,0.0,0.0,0.0,0.0,0.0,21.34831,0.0,0.0,41.17647,61.53846,63.63636,93.10344,38.54351,38.07829,21.05263,55.88235,50.0
29,0.0,0.0,26.31578,0.0,0.0,0.0,0.0,0.0,0.0,0.0,0.0,0.0,0.0,26.62337,35.55555,0.0,0.0,0.0,0.0,0.0,0.0,0.0,0.0,0.0,0.0,0.0,0.0,0.0,0.0,0.0,0.0,100.0,0.0,2.25563,0.0,0.0,0.0,0.0,0.0,0.0,0.0,0.0,0.0,0.0,0.0,0.0,0.0,0.0,0.0,0.0,0.0,0.0,65.0,0.0,0.0,0.0,0.0,0.0,0.0,0.0,78.47222,66.15384,78.62796,81.33047,69.43005,76.31578,0.0,0.0,0.0,78.47222,66.15384,59.45485,0.0,0.0,0.0,0.0,0.0,0.0,0.0,0.0,0.0,0.0,0.0,0.0,44.94382,0.0,0.0,44.11764,0.0,0.0,80.07662,40.76376,54.44839,17.10526,26.47058,43.75
30,0.0,0.0,0.0,0.0,0.0,0.0,0.0,0.0,0.0,0.0,0.0,0.0,0.0,40.90909,46.66666,0.0,0.0,0.0,0.0,0.0,0.0,0.0,0.0,0.0,0.0,0.0,0.0,0.0,0.0,0.0,0.0,0.0,0.0,54.13533,76.92307,0.0,0.0,0.0,0.0,0.0,0.0,0.0,0.0,0.0,0.0,0.0,0.0,0.0,0.0,0.0,0.0,0.0,0.0,0.0,0.0,0.0,0.0,80.0,0.0,0.0,67.12962,78.84615,78.10026,84.12017,51.29533,62.63157,0.0,0.0,0.0,67.12962,78.84615,58.26235,0.0,0.0,0.0,0.0,0.0,0.0,0.0,0.0,0.0,0.0,0.0,0.0,21.72284,0.0,0.0,35.29411,0.0,0.0,78.9272,35.96802,54.09252,17.10526,32.35294,0.0
31,0.0,0.0,26.31578,0.0,0.0,0.0,0.0,0.0,0.0,0.0,0.0,0.0,29.87012,70.12987,20.0,0.0,0.0,0.0,0.0,0.0,0.0,0.0,0.0,0.0,0.0,0.0,0.0,0.0,0.0,0.0,0.0,0.0,0.0,100.0,84.61538,0.0,0.0,0.0,0.0,0.0,0.0,0.0,0.0,0.0,0.0,0.0,0.0,0.0,0.0,0.0,0.0,0.0,0.0,38.46153,0.0,0.0,0.0,50.0,0.0,0.0,61.34259,92.30769,79.94722,80.04291,47.15025,54.73684,0.0,0.0,0.0,61.34259,92.30769,59.62521,0.0,0.0,0.0,0.0,0.0,0.0,0.0,0.0,0.0,0.0,0.0,0.0,20.59925,93.29896,13.40206,23.52941,0.0,54.54545,70.49808,28.50799,64.41281,9.21052,38.23529,0.0
32,0.0,0.0,36.8421,0.0,0.0,0.0,0.0,0.0,0.0,0.0,0.0,0.0,59.74025,46.10389,26.66666,0.0,0.0,0.0,0.0,0.0,0.0,0.0,0.0,0.0,0.0,0.0,0.0,0.0,0.0,0.0,0.0,0.0,0.0,63.90977,46.15384,0.0,0.0,0.0,0.0,0.0,0.0,0.0,0.0,0.0,0.0,0.0,0.0,0.0,0.0,0.0,0.0,0.0,0.0,0.0,0.0,0.0,0.0,0.0,0.0,0.0,75.23148,75.0,42.48021,64.59227,64.76683,89.47368,0.0,0.0,0.0,75.23148,75.0,74.44633,0.0,0.0,0.0,0.0,0.0,100.0,0.0,0.0,0.0,0.0,0.0,0.0,17.97752,60.82474,3.09278,32.35294,38.46153,72.72727,70.49808,32.94849,47.33096,6.57894,38.23529,62.5
33,100.0,0.0,0.0,0.0,0.0,0.0,0.0,0.0,0.0,0.0,0.0,0.0,100.0,53.24675,24.44444,0.0,0.0,0.0,0.0,0.0,0.0,0.0,0.0,0.0,0.0,0.0,0.0,0.0,0.0,0.0,0.0,0.0,0.0,48.49624,76.92307,0.0,0.0,0.0,0.0,0.0,0.0,0.0,0.0,0.0,0.0,0.0,0.0,0.0,0.0,0.0,0.0,78.57142,40.0,0.0,0.0,0.0,0.0,0.0,0.0,0.0,68.98148,82.6923,55.67282,87.98283,43.52331,63.68421,0.0,0.0,0.0,68.98148,82.6923,70.01703,0.0,0.0,0.0,0.0,0.0,0.0,0.0,0.0,0.0,0.0,0.0,0.0,20.59925,26.28865,0.0,14.70588,0.0,72.72727,71.6475,24.60035,46.26334,7.89473,47.05882,100.0
34,0.0,0.0,0.0,0.0,0.0,0.0,0.0,0.0,0.0,0.0,0.0,0.0,58.44155,59.0909,46.66666,0.0,0.0,0.0,0.0,0.0,0.0,0.0,0.0,0.0,0.0,0.0,0.0,0.0,0.0,0.0,0.0,0.0,100.0,42.10526,53.84615,0.0,100.0,100.0,0.0,0.0,0.0,0.0,0.0,0.0,0.0,0.0,0.0,0.0,0.0,0.0,0.0,0.0,55.0,38.46153,0.0,0.0,0.0,60.0,0.0,0.0,63.42592,75.0,39.57783,93.77682,46.11398,58.42105,0.0,0.0,0.0,63.42592,75.0,57.92163,0.0,0.0,0.0,0.0,0.0,0.0,0.0,0.0,0.0,0.0,0.0,0.0,14.60674,22.16494,0.0,0.0,0.0,90.90909,79.31034,24.06749,38.43416,14.47368,47.05882,31.25
35,0.0,0.0,0.0,0.0,0.0,0.0,0.0,0.0,0.0,0.0,0.0,0.0,27.27272,35.06493,26.66666,0.0,0.0,0.0,0.0,0.0,0.0,0.0,0.0,0.0,0.0,0.0,0.0,0.0,0.0,0.0,0.0,0.0,0.0,29.3233,38.46153,0.0,0.0,0.0,0.0,0.0,0.0,0.0,0.0,0.0,0.0,0.0,0.0,0.0,0.0,0.0,0.0,0.0,25.0,0.0,0.0,0.0,0.0,0.0,0.0,0.0,74.53703,70.38461,42.48021,92.27467,67.87564,50.52631,0.0,0.0,0.0,74.53703,70.38461,67.12095,0.0,0.0,0.0,0.0,0.0,0.0,0.0,0.0,0.0,0.0,0.0,0.0,22.47191,22.68041,0.0,17.64705,0.0,0.0,75.86206,35.96802,44.48398,17.10526,76.47058,56.25
36,0.0,0.0,0.0,0.0,0.0,0.0,0.0,0.0,0.0,0.0,0.0,0.0,29.22077,43.50649,26.66666,0.0,0.0,0.0,0.0,0.0,0.0,0.0,0.0,0.0,0.0,0.0,0.0,0.0,0.0,0.0,0.0,0.0,0.0,17.29323,0.0,0.0,0.0,0.0,0.0,0.0,0.0,0.0,0.0,0.0,0.0,0.0,0.0,0.0,0.0,0.0,0.0,0.0,30.0,92.30769,0.0,0.0,0.0,0.0,0.0,0.0,72.22222,54.23076,62.79683,97.85407,65.8031,72.10526,0.0,0.0,0.0,72.22222,54.23076,72.5724,0.0,0.0,0.0,0.0,0.0,0.0,0.0,0.0,0.0,0.0,0.0,0.0,22.09737,27.83505,0.0,17.64705,53.84615,63.63636,72.03065,29.57371,53.73665,10.52631,47.05882,62.5
37,0.0,0.0,0.0,0.0,0.0,0.0,0.0,0.0,0.0,0.0,0.0,0.0,26.62337,46.10389,17.77777,0.0,0.0,0.0,0.0,0.0,0.0,0.0,0.0,0.0,0.0,0.0,0.0,0.0,0.0,0.0,0.0,0.0,0.0,17.29323,0.0,0.0,0.0,0.0,0.0,0.0,0.0,0.0,0.0,0.0,0.0,0.0,0.0,0.0,0.0,0.0,0.0,0.0,70.0,0.0,0.0,0.0,0.0,100.0,0.0,0.0,57.87037,61.53846,48.81266,84.54935,50.7772,68.94736,0.0,0.0,0.0,57.87037,61.53846,66.0988,0.0,0.0,0.0,0.0,0.0,0.0,0.0,0.0,0.0,0.0,0.0,0.0,29.21348,15.46391,0.0,20.58823,92.30769,72.72727,69.7318,20.33747,49.11032,51.31578,47.05882,50.0
38,0.0,0.0,0.0,0.0,0.0,0.0,0.0,0.0,0.0,0.0,0.0,0.0,40.90909,31.16883,24.44444,0.0,0.0,0.0,0.0,0.0,0.0,100.0,0.0,0.0,0.0,0.0,0.0,0.0,0.0,0.0,0.0,0.0,0.0,20.67669,53.84615,0.0,0.0,0.0,0.0,0.0,0.0,0.0,0.0,0.0,0.0,0.0,0.0,0.0,0.0,0.0,0.0,0.0,25.0,46.15384,0.0,0.0,0.0,0.0,0.0,0.0,73.14814,78.84615,61.47757,70.38626,83.93782,71.05263,0.0,0.0,0.0,73.14814,78.84615,79.89778,0.0,0.0,0.0,0.0,0.0,0.0,0.0,0.0,0.0,0.0,0.0,0.0,22.47191,19.07216,0.0,32.35294,38.46153,63.63636,63.21839,32.85968,44.12811,35.52631,44.11764,43.75
39,0.0,0.0,0.0,0.0,0.0,0.0,0.0,0.0,0.0,0.0,0.0,0.0,70.12987,59.74025,28.88888,0.0,0.0,0.0,0.0,0.0,0.0,0.0,0.0,0.0,0.0,0.0,0.0,0.0,0.0,0.0,0.0,0.0,0.0,14.28571,100.0,77.77777,0.0,0.0,0.0,0.0,0.0,0.0,0.0,0.0,0.0,0.0,0.0,0.0,0.0,0.0,0.0,42.85714,25.0,0.0,0.0,0.0,0.0,50.0,0.0,45.45454,70.37037,65.0,51.18733,70.60085,60.62176,63.15789,0.0,0.0,0.0,70.37037,65.0,73.42419,0.0,0.0,0.0,0.0,0.0,0.0,0.0,0.0,0.0,0.0,0.0,0.0,28.08988,12.37113,0.0,41.17647,0.0,0.0,57.08812,30.19538,51.24555,32.89473,47.05882,75.0
40,0.0,0.0,0.0,0.0,0.0,0.0,0.0,0.0,0.0,0.0,0.0,0.0,46.10389,52.5974,22.22222,0.0,0.0,0.0,0.0,0.0,0.0,100.0,0.0,0.0,0.0,0.0,0.0,0.0,0.0,0.0,0.0,0.0,0.0,19.17293,61.53846,66.66666,0.0,0.0,0.0,0.0,0.0,0.0,0.0,0.0,0.0,0.0,0.0,0.0,0.0,0.0,0.0,0.0,100.0,0.0,0.0,0.0,0.0,50.0,0.0,0.0,53.47222,77.6923,40.63324,95.06437,65.28497,60.52631,0.0,0.0,0.0,53.47222,77.6923,69.84667,0.0,0.0,0.0,0.0,0.0,0.0,0.0,0.0,0.0,0.0,0.0,0.0,29.58801,48.96907,0.0,17.64705,38.46153,90.90909,91.95402,26.8206,48.75444,44.73684,23.52941,50.0
41,0.0,0.0,0.0,0.0,0.0,0.0,0.0,0.0,0.0,0.0,0.0,0.0,53.24675,40.90909,17.77777,0.0,0.0,0.0,0.0,0.0,0.0,0.0,0.0,0.0,0.0,0.0,0.0,0.0,0.0,0.0,0.0,0.0,0.0,18.42105,84.61538,0.0,0.0,0.0,0.0,0.0,0.0,0.0,0.0,0.0,0.0,0.0,0.0,0.0,0.0,0.0,0.0,0.0,25.0,0.0,0.0,0.0,0.0,80.0,0.0,0.0,56.48148,51.92307,39.84168,94.206,55.44041,47.89473,0.0,0.0,0.0,56.48148,51.92307,53.66269,0.0,0.0,0.0,0.0,0.0,0.0,0.0,0.0,0.0,0.0,0.0,0.0,23.5955,65.46391,0.0,14.70588,0.0,0.0,84.29118,22.46891,34.87544,30.26315,73.52941,81.25
42,0.0,0.0,0.0,0.0,0.0,0.0,0.0,0.0,0.0,0.0,0.0,0.0,59.0909,30.51948,17.77777,0.0,0.0,0.0,0.0,0.0,0.0,0.0,0.0,0.0,0.0,0.0,0.0,0.0,0.0,0.0,0.0,0.0,0.0,17.66917,76.92307,100.0,0.0,0.0,0.0,0.0,0.0,0.0,0.0,0.0,0.0,0.0,0.0,0.0,0.0,0.0,0.0,0.0,30.0,0.0,0.0,0.0,0.0,0.0,0.0,0.0,84.49074,52.6923,36.14775,100.0,82.38341,47.36842,0.0,0.0,0.0,84.49074,52.6923,56.55877,0.0,0.0,0.0,0.0,0.0,0.0,0.0,0.0,0.0,0.0,0.0,0.0,18.72659,85.05154,93.29896,20.58823,0.0,54.54545,71.6475,35.7904,39.50177,44.73684,64.70588,93.75
43,0.0,26.31578,0.0,0.0,0.0,0.0,0.0,0.0,0.0,0.0,0.0,0.0,35.06493,27.27272,24.44444,0.0,0.0,0.0,0.0,0.0,0.0,0.0,0.0,0.0,0.0,0.0,0.0,0.0,0.0,0.0,75.0,0.0,0.0,11.65413,0.0,0.0,0.0,0.0,0.0,0.0,0.0,0.0,0.0,0.0,0.0,0.0,0.0,0.0,0.0,0.0,0.0,0.0,65.0,0.0,0.0,0.0,0.0,0.0,0.0,0.0,88.6574,53.46153,58.31134,77.46781,76.1658,84.73684,0.0,0.0,0.0,88.6574,53.46153,57.41056,0.0,0.0,0.0,0.0,0.0,0.0,0.0,0.0,0.0,0.0,0.0,0.0,21.34831,63.40206,60.82474,23.52941,76.92307,0.0,75.47892,29.12966,51.24555,50.0,38.23529,50.0
44,0.0,0.0,0.0,0.0,0.0,0.0,0.0,0.0,0.0,0.0,0.0,0.0,43.50649,34.41558,28.88888,100.0,0.0,0.0,0.0,0.0,0.0,0.0,0.0,0.0,0.0,0.0,0.0,0.0,0.0,0.0,62.5,66.66666,0.0,15.78947,84.61538,0.0,0.0,0.0,0.0,0.0,0.0,0.0,0.0,0.0,0.0,0.0,0.0,0.0,0.0,0.0,0.0,0.0,0.0,0.0,0.0,0.0,0.0,50.0,0.0,0.0,67.82407,43.84615,51.71503,68.66952,68.91191,87.89473,0.0,0.0,0.0,67.82407,43.84615,64.22487,0.0,0.0,0.0,0.0,0.0,0.0,0.0,0.0,0.0,0.0,0.0,0.0,19.47565,82.98969,26.28865,0.0,84.61538,0.0,60.91954,33.65896,51.95729,60.52631,35.29411,68.75
45,0.0,26.31578,0.0,0.0,0.0,0.0,0.0,0.0,0.0,0.0,0.0,0.0,46.10389,44.15584,15.55555,0.0,0.0,0.0,0.0,0.0,0.0,0.0,0.0,0.0,0.0,0.0,0.0,0.0,0.0,0.0,0.0,0.0,0.0,15.78947,0.0,0.0,0.0,0.0,0.0,0.0,0.0,0.0,0.0,0.0,0.0,0.0,0.0,0.0,0.0,0.0,0.0,0.0,45.0,0.0,0.0,0.0,0.0,70.0,0.0,0.0,62.73148,38.84615,43.00791,84.97854,77.7202,81.57894,0.0,0.0,0.0,62.73148,38.84615,55.87734,0.0,0.0,0.0,0.0,0.0,0.0,0.0,0.0,0.0,0.0,0.0,0.0,14.2322,82.47422,22.16494,0.0,84.61538,54.54545,58.23754,31.70515,44.12811,40.78947,97.05882,31.25
46,0.0,36.8421,0.0,0.0,0.0,0.0,0.0,0.0,0.0,0.0,0.0,0.0,31.16883,48.70129,17.77777,0.0,0.0,0.0,0.0,0.0,0.0,0.0,0.0,0.0,0.0,0.0,0.0,0.0,0.0,0.0,0.0,0.0,0.0,19.17293,38.46153,0.0,0.0,0.0,0.0,0.0,0.0,0.0,0.0,0.0,0.0,0.0,0.0,0.0,0.0,0.0,0.0,0.0,0.0,0.0,0.0,0.0,0.0,90.0,0.0,0.0,65.04629,41.53846,39.31398,74.46351,84.97409,88.42105,0.0,0.0,0.0,65.04629,41.53846,56.21805,0.0,0.0,0.0,0.0,0.0,0.0,0.0,0.0,0.0,0.0,0.0,0.0,23.22097,100.0,22.68041,17.64705,46.15384,63.63636,42.14559,35.7904,35.23131,40.78947,70.58823,0.0
47,0.0,0.0,0.0,0.0,0.0,0.0,0.0,0.0,0.0,0.0,0.0,0.0,59.74025,38.96103,11.11111,0.0,0.0,0.0,0.0,0.0,0.0,0.0,0.0,0.0,0.0,0.0,0.0,0.0,0.0,0.0,0.0,0.0,0.0,19.17293,0.0,0.0,0.0,0.0,0.0,0.0,0.0,0.0,0.0,0.0,0.0,0.0,0.0,0.0,0.0,0.0,0.0,0.0,90.0,0.0,0.0,0.0,0.0,50.0,0.0,0.0,67.59259,76.92307,31.92612,99.7854,68.91191,71.05263,0.0,0.0,0.0,67.59259,76.92307,64.9063,0.0,0.0,0.0,0.0,0.0,0.0,0.0,0.0,0.0,0.0,0.0,0.0,28.46441,90.72164,27.83505,32.35294,0.0,0.0,59.38697,34.63587,41.63701,50.0,88.23529,68.75
48,0.0,0.0,0.0,0.0,0.0,0.0,0.0,0.0,0.0,0.0,0.0,0.0,52.5974,18.83116,0.0,0.0,0.0,0.0,0.0,0.0,0.0,0.0,0.0,0.0,0.0,0.0,0.0,0.0,0.0,0.0,0.0,0.0,0.0,12.03007,76.92307,0.0,0.0,0.0,0.0,0.0,0.0,0.0,0.0,0.0,0.0,0.0,0.0,0.0,0.0,0.0,0.0,0.0,85.0,0.0,0.0,0.0,0.0,0.0,0.0,0.0,46.75925,92.6923,30.87071,98.92703,70.46632,52.63157,0.0,0.0,0.0,46.75925,92.6923,65.58773,0.0,0.0,0.0,0.0,0.0,0.0,0.0,0.0,0.0,0.0,0.0,0.0,20.22471,86.08247,15.46391,0.0,92.30769,0.0,51.34099,29.84014,48.39857,47.36842,73.52941,93.75
49,0.0,0.0,0.0,0.0,0.0,0.0,0.0,0.0,0.0,0.0,0.0,0.0,40.90909,30.51948,0.0,0.0,0.0,0.0,0.0,0.0,0.0,0.0,0.0,0.0,0.0,0.0,0.0,0.0,0.0,0.0,100.0,0.0,0.0,10.52631,61.53846,55.55555,0.0,0.0,0.0,0.0,0.0,0.0,0.0,0.0,0.0,0.0,0.0,0.0,0.0,0.0,0.0,85.71428,30.0,0.0,0.0,0.0,0.0,0.0,0.0,45.45454,72.68518,79.23076,36.93931,91.84549,81.34715,53.68421,0.0,0.0,0.0,72.68518,79.23076,63.03236,0.0,0.0,0.0,0.0,0.0,0.0,0.0,0.0,0.0,0.0,0.0,0.0,16.85393,76.80412,19.07216,0.0,69.23076,54.54545,43.67816,30.81705,28.46975,44.73684,82.35294,68.75
50,0.0,0.0,0.0,0.0,0.0,0.0,0.0,0.0,0.0,0.0,0.0,0.0,30.51948,36.36363,0.0,0.0,0.0,0.0,0.0,0.0,0.0,0.0,0.0,0.0,0.0,0.0,0.0,0.0,0.0,0.0,0.0,0.0,0.0,12.03007,84.61538,0.0,0.0,0.0,0.0,0.0,0.0,0.0,0.0,0.0,0.0,0.0,0.0,0.0,0.0,0.0,0.0,0.0,50.0,0.0,0.0,0.0,0.0,0.0,0.0,0.0,68.05555,75.38461,52.50659,78.32618,78.23834,68.94736,0.0,0.0,0.0,68.05555,75.38461,68.82453,0.0,0.0,0.0,0.0,0.0,0.0,0.0,0.0,0.0,0.0,0.0,0.0,25.09363,63.91752,12.37113,0.0,61.53846,0.0,45.21072,28.5968,55.16014,32.89473,50.0,43.75
51,0.0,0.0,0.0,0.0,0.0,0.0,0.0,0.0,0.0,0.0,0.0,0.0,27.27272,31.16883,0.0,0.0,0.0,0.0,0.0,0.0,0.0,0.0,0.0,0.0,0.0,0.0,0.0,0.0,0.0,0.0,0.0,0.0,0.0,7.89473,0.0,0.0,0.0,0.0,0.0,0.0,0.0,0.0,0.0,0.0,0.0,0.0,0.0,0.0,0.0,0.0,0.0,0.0,0.0,0.0,0.0,0.0,0.0,0.0,0.0,0.0,61.11111,66.53846,46.43799,76.82403,74.09326,83.68421,0.0,0.0,0.0,61.11111,66.53846,60.30664,0.0,0.0,0.0,0.0,0.0,0.0,0.0,0.0,0.0,0.0,0.0,0.0,15.3558,56.70103,48.96907,14.70588,69.23076,54.54545,34.8659,20.24866,43.06049,50.0,32.35294,56.25
52,0.0,0.0,0.0,0.0,0.0,0.0,0.0,0.0,0.0,0.0,0.0,0.0,34.41558,32.46753,11.11111,0.0,0.0,0.0,0.0,0.0,0.0,0.0,0.0,0.0,0.0,0.0,0.0,0.0,0.0,0.0,0.0,0.0,0.0,10.90225,38.46153,0.0,0.0,0.0,0.0,0.0,0.0,0.0,0.0,0.0,0.0,0.0,0.0,0.0,0.0,0.0,0.0,0.0,0.0,0.0,0.0,0.0,0.0,0.0,0.0,0.0,52.54629,100.0,59.6306,78.11158,62.17616,82.63157,0.0,0.0,0.0,52.54629,100.0,73.7649,0.0,0.0,0.0,0.0,0.0,0.0,0.0,0.0,0.0,0.0,0.0,0.0,100.0,49.48453,65.46391,20.58823,0.0,100.0,34.48275,20.69271,48.39857,43.42105,52.94117,50.0
53,0.0,0.0,0.0,0.0,0.0,0.0,0.0,0.0,0.0,0.0,0.0,0.0,44.15584,53.8961,0.0,0.0,0.0,0.0,0.0,0.0,0.0,0.0,0.0,0.0,0.0,0.0,0.0,0.0,0.0,0.0,0.0,0.0,0.0,7.14285,69.23076,55.55555,0.0,0.0,0.0,0.0,0.0,0.0,0.0,0.0,0.0,0.0,0.0,0.0,0.0,0.0,0.0,0.0,0.0,0.0,0.0,0.0,0.0,70.0,0.0,54.54545,65.27777,94.61538,46.70184,61.15879,72.02072,60.52631,0.0,0.0,0.0,65.27777,94.61538,74.44633,0.0,0.0,0.0,0.0,0.0,0.0,0.0,0.0,0.0,0.0,0.0,0.0,86.89138,68.04123,85.05154,23.52941,100.0,63.63636,47.89272,24.42273,37.36654,47.36842,47.05882,93.75
54,0.0,0.0,0.0,0.0,0.0,0.0,0.0,0.0,0.0,0.0,0.0,0.0,48.70129,30.51948,0.0,0.0,0.0,0.0,0.0,0.0,0.0,0.0,0.0,0.0,0.0,0.0,0.0,0.0,0.0,0.0,0.0,0.0,0.0,6.01503,61.53846,0.0,0.0,0.0,0.0,0.0,0.0,0.0,0.0,0.0,0.0,0.0,0.0,0.0,0.0,0.0,0.0,0.0,65.0,0.0,0.0,0.0,0.0,0.0,0.0,0.0,45.60185,79.23076,38.25857,84.97854,44.04145,58.42105,0.0,0.0,0.0,45.60185,79.23076,74.27597,0.0,0.0,0.0,0.0,0.0,0.0,0.0,0.0,0.0,0.0,0.0,0.0,93.25842,77.31958,63.40206,0.0,69.23076,0.0,60.15325,17.22912,45.5516,53.94736,41.17647,56.25
55,0.0,0.0,0.0,0.0,0.0,0.0,0.0,0.0,0.0,0.0,0.0,0.0,38.96103,29.87012,0.0,0.0,0.0,0.0,0.0,0.0,0.0,0.0,0.0,0.0,0.0,0.0,0.0,0.0,0.0,0.0,0.0,0.0,0.0,8.64661,0.0,55.55555,66.66666,66.66666,0.0,0.0,0.0,0.0,0.0,0.0,0.0,0.0,0.0,0.0,0.0,0.0,0.0,0.0,35.0,0.0,0.0,0.0,0.0,50.0,0.0,0.0,52.77777,65.38461,40.89709,82.18884,40.93264,58.42105,0.0,0.0,0.0,52.77777,65.38461,72.23168,0.0,0.0,0.0,0.0,0.0,0.0,0.0,0.0,0.0,0.0,0.0,0.0,62.17228,77.83505,82.98969,0.0,100.0,81.81818,77.39463,18.91651,48.39857,32.89473,73.52941,93.75
56,0.0,0.0,0.0,0.0,0.0,0.0,0.0,100.0,0.0,0.0,0.0,0.0,18.83116,37.66233,0.0,0.0,0.0,0.0,0.0,0.0,0.0,0.0,0.0,0.0,0.0,0.0,0.0,0.0,0.0,0.0,75.0,0.0,0.0,10.15037,0.0,0.0,0.0,0.0,0.0,0.0,0.0,0.0,0.0,0.0,0.0,0.0,0.0,0.0,0.0,0.0,0.0,0.0,25.0,0.0,0.0,0.0,0.0,60.0,0.0,0.0,59.25925,68.84615,42.48021,91.84549,79.79274,56.8421,0.0,0.0,0.0,59.25925,68.84615,65.92844,0.0,0.0,0.0,0.0,0.0,0.0,0.0,0.0,100.0,0.0,0.0,0.0,78.65168,70.61855,82.47422,0.0,100.0,63.63636,82.75862,24.1563,40.21352,76.31578,50.0,37.5
57,26.31578,0.0,0.0,0.0,0.0,0.0,0.0,0.0,0.0,0.0,0.0,0.0,30.51948,44.80519,0.0,0.0,0.0,0.0,0.0,0.0,0.0,0.0,0.0,0.0,0.0,0.0,0.0,0.0,0.0,0.0,75.0,0.0,0.0,13.90977,0.0,0.0,0.0,0.0,0.0,0.0,0.0,0.0,0.0,0.0,0.0,0.0,0.0,0.0,0.0,0.0,0.0,0.0,35.0,38.46153,0.0,0.0,0.0,90.0,0.0,0.0,66.43518,73.84615,52.50659,82.40343,68.39378,88.42105,0.0,0.0,0.0,66.43518,73.84615,52.98126,0.0,0.0,0.0,0.0,0.0,0.0,0.0,0.0,100.0,0.0,0.0,0.0,88.01498,68.5567,100.0,14.70588,0.0,0.0,61.30268,20.51509,64.05693,57.89473,26.47058,50.0
58,0.0,0.0,0.0,0.0,0.0,0.0,0.0,0.0,0.0,0.0,0.0,0.0,36.36363,54.54545,0.0,0.0,0.0,0.0,0.0,0.0,0.0,0.0,0.0,0.0,0.0,0.0,0.0,0.0,0.0,0.0,62.5,0.0,0.0,9.02255,38.46153,0.0,0.0,0.0,0.0,0.0,0.0,0.0,0.0,0.0,0.0,0.0,0.0,0.0,0.0,0.0,0.0,0.0,0.0,0.0,0.0,0.0,0.0,50.0,0.0,0.0,69.67592,68.46153,59.89445,93.13304,61.65803,100.0,0.0,0.0,0.0,69.67592,68.46153,51.27768,0.0,0.0,0.0,0.0,0.0,0.0,0.0,0.0,0.0,0.0,0.0,0.0,80.52434,63.40206,90.72164,17.64705,46.15384,0.0,70.49808,21.66962,82.2064,31.57894,55.88235,81.25
59,26.31578,0.0,0.0,0.0,0.0,0.0,0.0,0.0,0.0,0.0,0.0,0.0,31.16883,51.2987,0.0,0.0,0.0,0.0,0.0,0.0,0.0,0.0,0.0,0.0,0.0,0.0,0.0,0.0,0.0,0.0,0.0,0.0,0.0,12.03007,38.46153,0.0,0.0,0.0,0.0,0.0,0.0,0.0,0.0,0.0,0.0,0.0,0.0,0.0,0.0,0.0,0.0,42.85714,25.0,0.0,0.0,0.0,0.0,0.0,0.0,0.0,55.55555,85.0,48.81266,77.25321,66.32124,84.73684,0.0,0.0,0.0,55.55555,85.0,65.07666,0.0,0.0,0.0,0.0,0.0,0.0,0.0,0.0,0.0,0.0,0.0,0.0,63.67041,32.98969,86.08247,0.0,0.0,0.0,59.00383,22.29129,70.46263,27.63157,67.64705,0.0
60,36.8421,0.0,0.0,0.0,0.0,0.0,0.0,0.0,0.0,0.0,0.0,0.0,32.46753,40.25974,0.0,0.0,0.0,0.0,0.0,0.0,0.0,0.0,0.0,0.0,0.0,0.0,0.0,0.0,0.0,0.0,0.0,0.0,0.0,11.65413,0.0,0.0,0.0,0.0,0.0,0.0,0.0,0.0,0.0,0.0,0.0,0.0,0.0,0.0,0.0,0.0,0.0,0.0,60.0,0.0,0.0,0.0,0.0,60.0,0.0,0.0,68.75,63.07692,49.60422,80.4721,79.79274,65.26315,0.0,0.0,0.0,68.75,63.07692,73.93526,0.0,0.0,0.0,0.0,0.0,0.0,0.0,0.0,0.0,0.0,0.0,0.0,58.05243,52.06185,76.80412,0.0,53.84615,63.63636,74.71264,21.75843,75.44483,14.47368,41.17647,0.0
61,6932,7495,2308,9649,3475,1364096,1364096,303,1185723,109722,499,39839,120362,72040,4887,26000,2766,54464,2805,4575,773719,1031,893,11974,147,286,8672,11743,58715,1364096,194047,1687,1290,505242,66731,1185723,1696,1719,1185723,2930,69186,82105,3214,10071,76530,120,328,248,1364096,1545,720252,4648,51722,1364096,57,1071,273,83656,338558,779,74264,6264,1249,13374,74264,12804,8352,9898,53399,74264,6264,3969,219052,81897,5377,703,66,241454,1185723,308676,194637,194637,71417,309120,1439,314976,645,9666,4502,1185723,13374,74264,12804,106305,34276,4862
